smiles,value,scaffold_train_test_label,random_train_test_label
C=C[C@H]1CN2CC[C@H]1C[C@@H]2[C@@H](O)c1ccnc2ccc(OC)cc12,0.015333333,train,train
Cc1cc2c(F)c(Oc3ncnn4cc(OC[C@@H](C)OC(=O)[C@H](N)CC(C)C)c(C)c34)ccc2[nH]1,24,train,train
O=C(Nc1nccs1)N1CCC(Cc2c[nH]cn2)CC1,2,train,test
O=C(CCOc1ccc(C(=O)N2CCNCC2)cc1)N1CCC(Cc2c[nH]cn2)CC1,30,test,train
O=C(CCc1ccc(CN2CCCCC2)cc1)N1CCC(Cc2c[nH]cn2)CC1,3,train,test
O=C(CCOc1ccc(CN2CCCCC2)cc1)N1CCC(Cc2c[nH]cn2)CC1,1,train,train
c1cnc(-c2ccc(OCCCN3CCC(Cc4c[nH]cn4)CC3)cc2)nc1,6,test,train
CCc1nc(N)nc(N)c1-c1ccc2c(c1)N(CCNS(C)(=O)=O)C(=O)C(C)(c1cc(F)cc(F)c1)O2,15.1,train,test
CCc1nc(N)nc(N)c1-c1ccc2c(c1)N(CCNC(C)=O)C(=O)C(C)(c1cc(F)cc(F)c1)O2,30,train,train
NCc1noc(-c2nn(Cc3ccc(C(N)=O)cc3)c3ccccc23)n1,1.3,train,train
CCC[C@H](C[C@@H](O)N1CCC[C@@H](Cc2ccc(F)cc2)C1)NC(=O)Nc1cccc(-c2nnnn2C)c1,0.5,train,train
C[C@H](C[C@@H](O)N1CCC[C@@H](Cc2ccc(F)cc2)C1)NC(=O)Nc1cc(-c2ncco2)cc(-c2ncco2)c1,0.5,train,train
CC(=O)c1cc(NC(=O)N[C@H](C)CCN2CCC[C@@H](Cc3ccc(F)cc3)C2)cc(C(C)=O)c1,1.3,test,train
Cc1cc(NC(=O)N[C@H](C)CCN2CCC[C@@H](Cc3ccc(F)cc3)C2)cc(-c2nnnn2C)c1,0.2,train,test
C[C@H](CCN1CCC[C@@H](Cc2ccc(F)cc2)C1)NC(=O)Nc1cccc(-c2nnnn2C)c1,0.4,train,train
c1ccc(-c2ccccc2CN(C2CCOCC2)[C@H]2CCNC2)cc1,0.1,train,train
C[C@@H](N[C@@H]1CCCc2c1[nH]c1ccc(Br)cc21)c1ccccc1,0.16,test,train
Cc1n[nH]c2cc(N(C)c3ccnc(Nc4cccc(S(N)(=O)=O)c4)n3)ccc12,4.8,train,train
O=C(N[C@@H]1C[C@H]2CC[C@@H](C1)N2Cc1ccc2cc(F)ccc2c1)c1ccccc1OC1CCCCC1,0.58,train,test
CC(C)CC1(C(=O)c2cc(F)c3[nH]ccc3c2)CCNC1,1.3,test,train
COc1ccc2c(c1)CC(CCN(C)C)=C2[C@@H](C)c1cnccn1,12,train,train
COc1ccc(C[C@H](C)CN2C[C@@H]3CCCC[C@@H]3[C@H](C(=O)N3CCN(c4ccc(F)c(F)c4)CC3)C2)cn1,6.5,train,train
CCCCC1(c2ccc3[nH]ccc3c2)CCNC1,3.4,train,test
CN(C)C(=O)c1cc2cc(C3(Cc4ccccc4)CCNC3)ccc2[nH]1,2.9,train,train
c1ccc(CC2(c3c[nH]c4ccccc34)CCNC2)cc1,1.8,train,train
Cc1ccc2c(c1)CC(CCN(C)C)=C2Cc1cnccn1,6.6,train,train
CN(C)CCC1=C(Cc2cccnn2)c2ccc(Cl)cc2C1,12,train,test
Cc1cnn(C2CCN(c3nc4ccccc4n3Cc3ccc(F)cc3)CC2)c1,5.4,train,train
CN(CC1CCOCC1)C1CCN(c2nc3ccccc3n2Cc2ccc(F)cc2)CC1,11.0085,train,train
CC(C)(C)c1cc(/C=C2\CC/C(=C\c3cc(C(C)(C)C)c(O)c(C(C)(C)C)c3)C2=O)cc(C(C)(C)C)c1O,100,train,train
CN1CCC[C@@H]1CCO[C@](C)(c1ccccc1)c1ccc(Cl)cc1,3,train,train
CC(C)(C)NCc1ccc(Nc2ccnc3cc(Cl)ccc23)cc1O,3,train,train
CN(CC(=O)N1CCCC(c2ccccc2)C1CN1CCCC1)c1ccc(Cl)c(Cl)c1,0.75,train,test
CC(C)Oc1ccc(S(=O)(=O)Cc2ccc3c(c2)CCNCC3)cn1,1.6,test,train
O=S(=O)(Cc1ccc2c(c1)CCNCC2)c1ccc(-c2ccc(F)cc2)cc1,0.2,train,train
c1ccc(CCNCCC2c3ccccc3Sc3ccccc32)cc1,0.26,train,test
CCN1C[C@H]2CCCC[C@@]2(c2ccc(Cl)c(Cl)c2)C1,0.25,train,train
CCN(C)CCC1=C(Cc2cnccn2)c2ccccc2C1,4.346,train,test
c1ccc2c(c1)CC(CCN1CCCC1)=C2Cc1cnccn1,3.385,train,train
C[C@@H](c1ccccn1)c1c(CCN2CCCC2)sc2ccccc12,2.7,train,test
Cc1cc(Nc2cc(C)c(C#N)c(NCCOc3ccccc3)n2)n[nH]1,7.2,train,test
COc1ccccc1CC(c1ccccc1)N1CCNCC1,20,train,train
Cc1cc(Nc2cc(C)c(C#N)c(NCCOc3ccccn3)n2)n[nH]1,29,train,train
N#Cc1c[nH]c2ccc(C3(Cc4ccccc4)CCNC3)cc12,0.8,train,train
O=C(O)c1ccc(NC(=O)[C@H](C2CCCCC2)n2c(-c3ccc(Cl)cc3)nc3cc(F)c(F)cc32)c(F)c1,50,train,train
O=C(Nc1ccc(-c2nnn[nH]2)cc1F)[C@H](C1CCCCC1)n1c(-c2ccc(Cl)cc2)nc2cc(F)c(F)cc21,31,train,test
N#Cc1ccc(Cl)cc1O[C@H](CCN)c1ccccc1,0.4,train,test
CC(C)N(CCO)Cc1csc(-c2cn(CC3CCOCC3)c3c(Cl)cccc23)n1,97.8,train,train
CCc1cccc2cc(CC(O)CNC(C)(C)C)oc12,4.8,train,train
O=C(C1CCN(c2ccncc2)CC1)N1CC[C@@H](CNS(=O)(=O)/C=C/c2ccc(-c3ccc(Cl)s3)s2)C1,7.97,train,train
CN(C(=O)CCC(=O)Nc1nccs1)[C@H](CN1CC[C@H](O)C1)c1ccccc1,3.4,train,train
CN(C(=O)CCC(=O)Nc1ccccc1)[C@H](CN1CC[C@H](O)C1)c1ccccc1,8.6,test,train
COc1ccccc1/C=C/C(=O)c1cccnc1,1.74,train,train
COc1ccc(/C=C/C(=O)c2cccnc2)c(OC)c1OC,8.8,train,train
CN[C@@H]1CCN(c2ccc(Cl)c(Cl)c2)c2ccccc21,1.5,train,train
COc1cnc2ccc(=O)n(CCN3CCC(c4nc5cc(C#N)c(C)cc5[nH]4)CC3)c2c1,28,train,train
Cc1cc2c(NC(=O)N[C@@H]3CC(CF)(CF)Oc4c(F)cccc43)cccc2cn1,11,train,train
O=C(NC1CCCCC1)[C@H](C1CCCCC1)n1c(-c2ccc(Cl)cc2)nc2cc(F)c(F)cc21,32,train,test
Cc1cc2ncc3c(n2n1)CN([C@H]1CO[C@H](c2cc(F)c(F)cc2F)[C@@H](N)C1)C3,59,train,train
CC(C)c1nc(C(=O)NCC2CCN(CC3CCOCC3)CC2)c2ccccn12,7.5,train,test
Cc1cccc(-c2ccc3c(c2)[nH]c(=O)c2nc(-c4c(F)cccc4Cl)[nH]c23)c1,1.6,train,train
CCCCN1C(=O)C(CC2CCCCC2)NC(=O)C12CCN(Cc1ccc(Oc3ccccc3)cc1)CC2,7.8,train,train
COc1cc(N2Cc3cn(-c4cccc(S(C)(=O)=O)c4)nc3[C@H]2C(C)C)cc(C)n1,25.65,test,train
COc1nccnc1[C@H](C)C1=C(CCN(C)C)Cc2cc(F)ccc21,6.4,train,train
Oc1cccc(-c2ccc3c(-c4ccccc4)c(O)ccc3c2)c1,15.49,train,train
Oc1cccc(-c2ccc3c(-c4cccc(O)c4)c(O)ccc3c2)c1,24.8,train,train
Nc1cccc(-c2c(O)ccc3cc(-c4cccc(O)c4)ccc23)c1,40,train,train
Fc1cc(OC(F)(F)C(F)F)cc([C@@](Cc2ccccc2)(Nc2nc3cc(F)cc(F)c3[nH]2)c2ccc(Cl)cn2)c1,40,train,train
CN(C)CCC1=C(Cc2cnccn2)c2ccccc2C1,6.679,train,test
Fc1cc(OC(F)(F)C(F)F)cc([C@@](Cc2ccccc2)(Nc2nc(C(F)(F)F)cs2)c2ccc(Cl)cn2)c1,40,train,train
Cc1ccc(Sc2ccccc2N2CCNCC2)c(C)c1,9.8,train,train
Cc1ccccc1[C@H]1[C@@H]2CN(C3=NC(=O)CO3)C[C@H]2CC[C@@H]1O[C@H](CO)c1cc(C(F)(F)F)cc(C(F)(F)F)c1,61,train,train
CC[C@H](N)C(=O)N[C@H](C#N)Cc1ccc(-c2ccccc2)cc1,12.605,train,train
CN(C(=O)c1ccc(-c2ccc(C(F)(F)F)cc2)cc1)[C@H]1CCN(C(=O)N2CC[C@@H](NCCCc3ccccc3)C2)C1,2,test,train
CN1CCN(c2cn(S(=O)(=O)c3ccc(F)cc3)c3ccccc23)CC1,26.4,test,train
COc1ncc(F)c(N2Cc3cn(-c4cccc(S(C)(=O)=O)c4)nc3[C@H]2C(C)C)n1,12.71,train,test
O=C(Nc1ccc(F)cc1)N1N=C(c2ccncc2)CC1c1ccc(F)cc1,44,train,train
CCn1c(C)c(C)c2cc(-n3ccccc3=O)nc(NCc3c(C)cccc3C)c21,18,test,train
O=C(O)/C=C/c1ccc(NC(=O)C2(NC(=O)c3ccc4c(c3)nc(-c3ccoc3)n4C3CCCCC3)CCCC2)cc1,30,train,train
N#Cc1ccc(N[C@@H]2CCN(C(=O)O[C@H]3C4CC5CC3C[C@](C(N)=O)(C5)C4)C2)nc1,25,train,train
N#Cc1cccnc1N[C@H]1CCN(C(=O)O[C@H]2C3CC4CC2C[C@](C(N)=O)(C4)C3)C1,30,train,train
N=C(N)c1ccc(OCCCCCOc2ccc(C(=N)N)cc2)cc1,10,train,train
CC(C)(Cc1c[nH]c2ccccc12)NCC(O)COc1c(C#N)ccc2ccccc12,0.05,train,train
N#Cc1ccc(C(=O)NCC(=O)NC(c2ccccc2)c2ccc(Cl)cc2)cc1,4.9,test,test
O=S1(=O)CCC(CNCCCCN(C[C@H]2Cc3ccccc3CN2)[C@H]2CCCc3cccnc32)CC1,1.17,train,test
CC1(C)CCC(NCc2ccc(CN(C[C@H]3Cc4ccccc4CN3)[C@H]3CCCc4cccnc43)cc2)CC1,0.258,train,train
CC(C)(CCN(C[C@H]1Cc2ccccc2CN1)[C@H]1CCCc2cccnc21)CNCC1CCOCC1,1.75,test,train
O=S(=O)(Cc1ccc2c(c1)CCNCC2)c1ccc(-c2ccc(F)c(F)c2)cc1,0.1,train,train
CNCc1cc(=O)oc2cc(OC)ccc12,10,train,train
Nc1ccc(S(=O)(=O)N2CCN(c3ncc(C(O)(C(F)(F)F)C(F)(F)F)cc3-c3cccnc3)CC2)cn1,27,train,test
CC(C)C[C@H](C[C@@H](O)N1CCC[C@@H](Cc2ccc(F)cc2)C1)NC(=O)Nc1cccc(-c2nnnn2C)c1,0.6,train,train
CC(C)c1cc(NC(=O)N[C@H](C)C[C@@H](O)N2CCC[C@@H](Cc3ccc(F)cc3)C2)cc(-c2nnnn2C)c1,4.7,train,train
c1ccc(Cn2nnnc2C(c2ccc3occc3c2)N2CCCN(C3CCC3)CC2)cc1,1,train,train
NC/C=C/CN(C[C@H]1Cc2ccccc2CN1)[C@H]1CCCc2cccnc21,0.51,train,test
NCC1=C(CN(C[C@H]2Cc3ccccc3CN2)[C@H]2CCCc3cccnc32)CCCC1,0.18,train,train
Cc1nc(C)c(CNc2nc(C3CC3)nc(Cl)c2C)s1,8.2,train,train
O=S1(=O)CCC(Oc2ccc3c(c2)CCC2(CCN(C4CCC4)CC2)O3)CC1,6.6,train,train
CCC[C@@H]1C[C@H](N(C)C(C)C)CC[C@@H]1NC(=O)CNC(=O)c1cccc(C(F)(F)F)c1,20,train,train
CC(C)CC[C@@H]1C[C@H](N(C)C(C)C)CC[C@@H]1NC(=O)CNC(=O)c1cccc(C(F)(F)F)c1,0.01,train,train
N=C(Nc1ccccc1)Nc1ccccc1,3.4443,train,train
COc1ccc2[nH]c(SCCCO)nc2c1,4.17,train,train
COc1ccc2[nH]c(SCc3ccc4ccccc4n3)nc2c1,10.5,train,train
CC(C)(C)[C@@H](CO)NCC(=O)N1CCc2ccccc2C1C1CCCCC1,0.068,train,train
CC(C)C[C@@H](CO)NCC(=O)N1CCc2ccccc2C1C1CCCCC1,0.044,train,test
C[C@@H](O)CNCC(=O)N1CCc2ccccc2[C@@H]1C1CCCCC1,1.4,train,test
O=C(CNCC1(O)CCCCC1)N1CCc2ccccc2[C@@H]1C1CCCCC1,0.6,train,train
COc1cc(C[C@H]2CO[C@H](c3ccc(O)c(O)c3)[C@H]2CO)ccc1O,68.1,train,train
Cc1noc([C@H]2C[C@@H]2C(=O)NCc2ccc(-c3cccc(OC(F)(F)F)c3)c3c2CN(C(=O)NC(C)(C)C)CC3)n1,2,train,train
CCC[C@@H](CCO)Nc1nc(N)nc2cc(OC)ccc12,0.6,train,train
COc1ccc(C(=O)NC(C)Cc2ccccn2)cc1OC1CCN(C(C)C)CC1,27.1,train,train
Cn1cc(-c2cnc3ccc4ccc(CS(=O)(=O)NCc5ccccn5)cc4c(=O)c3c2)cn1,46.17,train,test
CC1(C)CN2C(CS/C(=N\C3CCCCC3)NC3CCCCC3)=CSC2=N1,0.4,train,test
Nc1ccc(-c2cnc(NC(=O)CN(Cc3ccccc3)C(=O)c3ccncc3)s2)cn1,2.6,train,train
Fc1cc(OC(F)(F)C(F)F)cc([C@@](Cc2ccccc2)(Nc2nc3ccccc3[nH]2)c2ccc(Cl)cn2)c1,40,train,train
Cn1c(N2CCO[C@@H](c3ccccc3F)C2)nc(-c2ccncn2)cc1=O,32.4,train,train
CN(C[C@@H]1CCCN1C(=O)C[C@H](N)Cc1cc(F)c(F)cc1F)c1ccc(C#N)cn1,0.9,test,train
COc1ccc(Cn2c(N3CCC(n4cc(C)cn4)CC3)nc3ccccc32)cc1,7.319,train,train
CCN(CC)C(=O)c1ccc(C2=CC3(CCCNC3)Oc3ccccc32)cc1,2.2,train,train
CCN(CC)C(=O)c1cc(C2=CC3(CCNCC3)Oc3ccccc32)cs1,5.7,train,train
Fc1ccc(Cn2c(C3CNCCS3)nc3ccccc32)cc1,10.85,train,train
Cc1ccc(C(=O)C2(CCC(C)(C)C)CCNC2)cc1Cl,13,test,train
CC(C)(C)CCC1(C(=O)c2cc3ccccc3s2)CCNC1,12,train,train
O=C(NO)[C@@H]1[C@H](c2ccccc2)[C@H]1c1ccc(-c2cnco2)cc1,2.7,test,train
CCN(CC(O)(CNC(=O)c1cnn(-c2ccc(F)cc2)c1N)C(F)(F)F)C(=O)c1ccccc1Cl,30.5,train,train
Nc1c2c(nc3ccccc13)CCCC2,0.3,train,train
FC(F)Oc1ccccc1CC(c1ccccc1)N1CCNCC1,3.95,train,train
Fc1ccc(C(Cc2ccccc2OC(F)(F)F)N2CCNCC2)cc1,2.5,train,train
CS(=O)(=O)Nc1cccc(CC(=O)Nc2cc(-c3ccnc(F)c3)cs2)c1,8.7,train,test
O=C(/C=C/c1cc([N+](=O)[O-])ccc1Cl)c1ccc[nH]1,12,test,test
O=C(/C=C/c1cccc(Br)c1)c1ccc[nH]1,14,test,train
Cc1ccc(-n2nc(C(C)(C)C)cc2NC(=O)Nc2ccc(-c3nnc(S)n3C)cc2)cc1,4.8,train,train
Cc1ccc(-n2nc(C(C)(C)C)cc2NC(=O)Nc2ccc(-n3cnnc3)cc2)cc1,5,train,test
NC(=O)[C@]12CC3CC(C1)[C@@H](OC(=O)N1CC[C@@H](Nc4ccc(C(F)(F)F)cn4)C1)C(C3)C2,11.6,train,train
N#Cc1cccnc1N[C@@H]1CCN(C(=O)O[C@H]2C3CC4CC2C[C@](C(N)=O)(C4)C3)C1,30,train,train
Fc1cccc2c1CCC1(CCN(c3ccc(-c4nnc(Cc5cccnc5)o4)nn3)CC1)O2,27,train,train
CC(C)N1CCN(c2cccc3c2C[C@H](CN(C)[C@H]2CCCc4cccnc42)NC3)CC1,8.13,train,train
c1ccc2c(c1)CN[C@@H](CN(CC[C@H]1CCCNC1)[C@H]1CCCc3cccnc31)C2,0.11,test,train
CN1CCN(CCCN(C[C@H]2Cc3ccccc3CN2)[C@H]2CCCc3cccnc32)CC1,5.6,train,train
CC(C)N1CCN(CCCN(C[C@H]2Cc3ccccc3CN2)[C@H]2CCCc3cccnc32)CC1,6.65,train,train
Cc1cc(C[C@H](CCCCNCc2ccc(F)cc2)C(=O)NO)cc(C)c1F,0.02,test,test
COCCOc1ccn2c(-c3ccc4cccc(O[C@@H]5CCNC[C@@H]5F)c4n3)cnc2c1,5.88,train,train
CCc1ccc(-c2ccc(C(=O)N(C)[C@H]3CCN(C(=O)N4CC[C@@H](NC(C)C)C4)C3)s2)cc1,10,train,train
CN(C)CCN1C(=O)CCc2cc(NC(=N)c3cccs3)ccc21,12.2,test,train
CC(CCc1ccccc1)NCC(O)c1ccc(O)c(C(N)=O)c1,0.8,train,train
CC(C)(C)NC[C@H](O)COc1nsnc1N1CCOCC1,11,train,train
CC(C)(C)NCC(O)COc1ccccc1,28,train,test
CC(C)(Cc1c[nH]c2ccccc12)NCC(O)COc1ccc(O)cc1C#N,0.31,train,train
CS(=O)(=O)N1CCC(Oc2ccc3c(c2)CCN(C2CCC2)CC3)CC1,13,test,train
Cc1cccc(C)c1CNc1nc(N2CCOCC2=O)cc2c(C)c(C)n(CCO)c12,36,test,train
CO[C@@H]1[C@@H](OC)[C@H](C)[C@@](O)(CC(=O)O)O[C@H]1[C@H](C)[C@H]1O[C@@]2(CC[C@@](C)([C@H]3CC[C@@](C)([C@@H]4O[C@@H]([C@H]5O[C@](C)(O)[C@H](C)C[C@@H]5C)C[C@@H]4O[C@@H]4C[C@H](OC)[C@@H](OC)[C@H](C)O4)O3)O2)C[C@H](O)[C@H]1C,1,test,train
CN[C@H]1CC[C@@H](c2ccc(Cl)c(Cl)c2)c2ccccc21,2.88,train,test
CN1CCN(C2=Nc3cc(Cl)ccc3Nc3ccccc32)CC1,18,train,train
O=C(CCCN1CCC(O)(c2ccc(Cl)cc2)CC1)c1ccc(F)cc1,3.64,train,train
Cc1c(COc2cccc(OCC3CCOCC3)c2)[nH]c2ccccc2c1=O,8.3,train,train
CC(C)c1c(COc2cccc(OCC3CCOCC3)c2)[nH]c2ccccc2c1=O,12.4,train,test
Cc1c(COc2cccc(OCC3CCOCC3)n2)[nH]c2ccccc2c1=O,7,train,test
CCCCOc1cccc(OCc2[nH]c3ccccc3c(=O)c2C)c1,0.78,train,train
CC(=O)c1cc(NC(=O)N[C@H](C)C[C@@H](O)N2CCC[C@@H](Cc3ccc(F)cc3)C2)cc(C(C)=O)c1,7,test,train
CC(C)c1cc(NC(=O)N[C@H](C)CCN2CCC[C@@H](Cc3ccc(F)cc3)C2)cc(-c2nnnn2C)c1,1.6,train,train
CC(C)(N)C(=O)N[C@H](COCc1ccccc1)c1nnnn1[C@H](CC#N)COc1ccccc1O,5.1,train,train
CC(=O)c1sc(NC(=O)N[C@@H]2CN(C(=O)CN(C)C)CC[C@H]2CN2CCC[C@@H](Cc3ccc(F)cc3)C2)nc1C,0.5,train,train
CC(=O)c1sc(NC(=O)N[C@@H]2CCN(C(=O)C(C)C)C[C@H]2CN2CCC[C@@H](Cc3ccc(F)cc3)C2)nc1C,0.05,train,train
CC(=O)c1sc(NC(=O)N[C@@H]2CCN(C(=O)OC(C)(C)C)C[C@H]2CN2CCC[C@@H](Cc3ccc(F)cc3)C2)nc1C,0.57,train,train
c1ccc2c(c1)CN[C@H](CN(CCCN1CCNCC1)[C@H]1CCCc3cccnc31)C2,1.4,train,train
CN(CC(=O)N(C)[C@H](CN1CC[C@H](O)C1)c1ccccc1)c1ccccc1,0.53,train,test
CCc1ccccc1C1(Br)C(=O)c2ccccc2C1=O,83,train,train
COc1ccc2c(c1)[C@]13CCCC[C@@H]1[C@H](C2)N(C)CC3,3.4,train,test
COc1ccc(-c2ccc(C(=O)N(C)[C@H]3CCN(C(=O)N4CC[C@@H](NC5CCC(C)(C)CC5)C4)C3)s2)cc1,5.305935,train,test
CCc1ccc(-c2ccc(C(=O)N(C)[C@H]3CCN(C(=O)N4CC[C@@H](N5CCCCC5)C4)C3)cc2)cc1,10,test,train
CCc1ccc(-c2ccc(C(=O)N(C)[C@H]3CCN(C(=O)N4CC[C@@H](NC5CCOCC5)C4)C3)s2)cc1,5.055935,test,train
CCc1ccc(-c2ccc(C(=O)N(C)[C@H]3CCN(C(=O)N4CC[C@@H](NCC5CCOCC5)C4)C3)s2)cc1,6.30957,train,train
CN(C(=O)c1ccc(-c2ccc(C(F)(F)F)cc2)cc1)[C@H]1CCN(C(=O)N2CC[C@@H](NCCC(C)(C)c3ccc(Cl)cc3)C2)C1,3.3,test,train
C[C@H](CCN1CCC[C@@H](Cc2ccc(F)cc2)C1)NC(=O)Nc1cc(-n2ccnn2)cc(-n2ccnn2)c1,0.5,train,train
CC[C@H](C)[C@@H](CO[C@@H](Cc1ccccc1)C(=O)N[C@@H](CCS(C)(=O)=O)C(=O)OC(C)C)NC[C@@H](N)CS,0.7,train,train
CN(C(=O)c1ccc(-c2ccc(C(F)(F)F)cc2)s1)[C@H]1CCN(C(=O)N2CC[C@@H](NC3CCC(C)(C)CC3)C2)C1,0.847165,train,train
CS(=O)(=O)N(Cc1ccccc1-c1ccccc1)[C@@H]1CCNC1,5.36,train,train
CC(C)(Cc1c[nH]c2ccccc12)NCC(O)COc1ccccc1C#N,0.05,train,train
Clc1ccc2c(c1)C(N1CCNCC1)=Nc1ccccc1O2,10,train,train
CN(C)CCCN1c2ccccc2CCc2ccc(Cl)cc21,3.9465,train,train
O=C(c1ccc(-n2nc(C(F)(F)F)c3c2CCCC3)cc1)N1CCCC1,6,train,train
Fc1ccc([C@@H]2CCNC[C@H]2COc2ccc3c(c2)OCO3)cc1,0.96,test,train
Cn1c(-c2ccccn2)c(C2CCCCC2)c2ccc(C(=O)NC(C)(C)C(=O)Nc3ccc(/C=C/C(=O)O)cc3)cc21,16.6,train,test
Clc1ccc(CO/N=C(\Cn2ccnc2)c2ccc(Cl)cc2Cl)c(Cl)c1,1,train,test
CN(C)C(=O)CN1CCCC(c2nc3ccccc3n2CCOc2ccccc2)C1,8.7,train,train
C[C@@H](OC[C@H](O)CNC(C)(C)Cc1ccc2ccccc2c1)c1ccccc1CCC(=O)O,9.6,test,train
O=C(CNCC1(O)CCCCC1)N1CCc2ccccc2C1C1CCCCC1,0.78,train,train
COc1ccc2c(c1)CCN(C(=O)CNCC1(O)CCCCC1)[C@@H]2C(C)C,2.9,train,train
COc1ccc2c(c1)CCN(C(=O)CNCC1(O)CCCCC1)[C@H]2C(C)C,2,train,test
O=C(Nc1cnc(-c2ccncc2)c(-c2ccco2)n1)C1CC1,5,train,train
Cc1ccc(C(=O)c2nc3ccc(O)cc3s2)cc1O,54,train,train
Cc1cccc(N2CNC(=O)C23CCN(C[C@H](C)NC(=O)c2ccc(Br)cc2)CC3)c1,9.4,test,train
CC(C)(C)c1cc(NC(=O)[C@@H]2CCCN2c2ccc(C(F)(F)F)cc2)no1,18,train,train
CN(C)C1CCN(c2nc3ccccc3n2Cc2ccc(F)cc2)CC1,12.798,train,train
COc1ccc(CCN2C(=O)N(NS(C)(=O)=O)C[C@H]2c2ccc(OC)cc2)cc1,100,train,train
N=C(N)NC(=O)c1ccc(C2CCN(C(=O)C3CC3)CC2)c(C(F)(F)F)c1,17,train,test
O=C(O)CSc1nnc(Br)n1-c1ccc(C2CC2)c2ccccc12,62.35,train,train
Cc1cc(N[C@H](CCCCNCc2ccc(F)cc2)C(=O)NO)cc(C)c1F,1.35,train,test
CC(C)c1csc(NC(=O)C2c3ccccc3Oc3ccccc32)n1,26.5,train,test
CCNCc1cc(Nc2ccnc3cc(Cl)ccc23)ccc1O,6.4,train,test
C[C@H](C[C@@H](O)N1CCC[C@@H](Cc2ccc(F)cc2)C1)NC(=O)Nc1cc(-c2nccs2)cc(-c2nccs2)c1,0.8,test,train
C[C@H](C[C@@H](O)N1CCC[C@@H](Cc2ccc(F)cc2)C1)NC(=O)Nc1cc(-n2cccn2)cc(-n2cccn2)c1,5.9,train,train
C[C@H](CCN1CCC[C@@H](Cc2ccc(F)cc2)C1)NC(=O)Nc1cc(Br)cc(-c2nnnn2C)c1,0.5,train,train
CC(=O)c1cc(NC(=O)N[C@@H](C)C[C@H](O)N2CCC[C@@H](Cc3ccc(F)cc3)C2)cc(C(C)=O)c1,16,test,train
Cn1nnnc1-c1cc(NC(=O)NCCCN2CCC[C@@H](Cc3ccc(F)cc3)C2)cc(C(C)(C)C(=O)O)c1,22,train,train
Nc1c(C(=O)NCC(O)(CN(CCO)C(=O)c2c(Cl)cccc2Cl)C(F)(F)F)cnn1-c1ccc(F)cc1,54,train,test
O=C1COc2cc(Cl)c(Cl)cc2N1CC(=O)N1CCCC(c2ccccc2)C1CN1CCCC1,1.6,train,train
Cc1cccc(C)c1-c1cc(C)c2nc(Nc3ccc(OCCN4CCCC4)cc3)nnc2c1,25,train,test
Cc1c(COc2cccc(OCCCC(F)(F)F)c2)[nH]c2ccccc2c1=O,1.4,train,train
C[C@H](c1cccnc1)c1c(CCN(C)C)sc2ccccc12,5.2,train,train
CCc1c(CCCC(=O)O)cccc1-c1cnc(-c2ccc(OC(C)C)c(C#N)c2)nc1,6.30957,train,test
O=C(Nc1ccc(Oc2ccc(F)cc2)cc1)[C@@H]1C[C@@H](Cc2ccc(F)cc2)CN1C(=O)Cn1cncn1,7.367,train,train
CN(C)Cc1ccc(/C=C/c2n[nH]c3cc(/C=C4/C(=O)Nc5ccccc54)ccc23)cc1,8.9,train,train
CNCCC(Oc1ccc(C(F)(F)F)cc1)c1ccccc1,0.7,train,train
CN1CCN(CCCN2c3ccccc3Sc3ccc(Cl)cc32)CC1,0.3,train,train
O=S(=O)(NC[C@@H]1OCC[C@@]2(S(=O)(=O)c3ccc(Cl)cc3)c3c(F)ccc(F)c3OC[C@@H]12)C(F)(F)F,30,test,train
O=C(NC1CC2CCC(C1)N2Cc1ccc2cc(F)ccc2c1)c1ccccc1-c1ccccc1,0.4,train,test
O=C(N[C@@H]1C[C@H]2CC[C@@H](C1)N2Cc1ccc2cc(F)ccc2c1)c1ccccc1-c1nccs1,2.4,train,train
CNC(=O)c1cccc(-c2ccc(C(CN3CCOCC3)N(C)C(=O)Cn3c(=O)cnc4cc(Cl)c(Cl)cc43)cc2)c1,33,train,train
CCN(CC)C(=O)CN1CCCC(c2nc3ccccc3n2Cc2ccc(F)cc2)C1,1.9,train,test
Cc1cc(-c2csc(-c3cccc(O)c3)c2)ccc1O,1.5,train,train
CN(C)Cc1cc2c([nH]c(=O)c3cccc(O)c32)s1,100,train,train
Clc1ccc(-c2ccc(C#Cc3ccc(OCCN4CCCC4)cc3)nc2)cc1,6,train,train
Fc1ccccc1C(Cc1ccccc1OC(F)(F)F)N1CCNCC1,3.5,train,train
CNC[C@]1(O)Cc2ccccc2[C@@H]1Oc1ccccc1OC,0.5,train,train
O=C(Nc1ccc(Cl)cc1)N1CCCC(CCO)(c2ccccc2)C1,10,train,train
CCCC1(C(=O)c2cc(F)c3[nH]ccc3c2)CCNC1,1.55,test,train
CCOc1c2c(c(OCC)c3ccccc13)C(=O)N(c1ccc(CC(=O)O)cc1)C2=O,42,train,train
Cc1nnc(C(C)C)n1[C@@H]1C[C@H]2CC[C@@H](C1)N2CC[C@H](NC(=O)C1CCCCC1)c1cccs1,15.1,train,train
CC(C)N(C)[C@@H]1CC[C@H](NC(=O)CNC(=O)c2cccc(C(F)(F)F)c2)[C@H](CS(=O)(=O)c2ccccc2)C1,2.7,train,train
O=C(Cc1ccccc1)N1CCC(C(O)CC2c3ccccc3-c3cncn32)CC1,19.5,train,train
O=C(/C=C/c1cccnc1)c1ccc2ccccc2c1,4.4,test,train
CN(C(=O)C1CCc2cc(NS(C)(=O)=O)ccc2O1)[C@H](CN1CC[C@H](O)C1)c1ccccc1,6.2,train,train
O=C(NCc1ccc(S(=O)(=O)c2ccccc2)cc1)N1Cc2ccncc2C1,5,train,train
Nc1ccccc1NC(=O)c1ccc(CNC2=N[C@@H](c3ccccc3)CS2)cc1,0.08,test,test
N#Cc1ccc(Cn2ccc(NC(=O)Cc3ccc(C4(C(F)(F)F)CC4)cc3)n2)nc1,15,test,train
C[C@H](C1=C(CCN(C)Cc2ncc[nH]2)Cc2ccccc21)c1cnccn1,5.852,test,test
CCOC(=O)N(Cc1ccccc1-c1ccccc1)[C@H]1CCNC1,1.21,train,train
C=CCOc1ccc(OCC(O)CNC(C)C)cc1,21,train,train
O=C(c1ccc(C2=CC3(CCNCC3)Oc3ccccc32)cc1)N1CCCC1,4.7,train,test
CCN(CC)C(=O)c1ccc(C2CC3(CCNCC3)Oc3ccccc32)cc1,6.2,train,train
CCN(CC)C(=O)c1ccc(C2=CC3(CCNCC3)Oc3ccccc32)cc1F,5.3,train,train
CNCc1cnc(C)cc1Oc1ccccc1Oc1ccccc1,3.4,train,train
N#Cc1ccc(C(=O)N2CCN(c3ccc(OCCCN4CCCCC4)cc3)C(=O)C2)cc1,77,train,train
CC(C)N1CCC(Oc2ccc3c(c2)cc2n3CCN(CCO)C2=O)CC1,0.9,train,test
Nc1c(Br)cc(Br)cc1CN[C@H]1CC[C@H](O)CC1,0.5574,train,train
C[C@]1(c2cc(NC(=O)c3cnc(OCF)cn3)ccc2F)N=C(N)O[C@H](C2(F)CC2)[C@@H]1F,3.5,train,train
Cn1c(N2CCOC(c3ccccc3)C2)nc(-c2ccncc2)cc1=O,47.4,train,test
CN(C)CCCn1c(=O)n(C2CCN(C(=O)C3CCN(Cc4ccncc4)CC3)CC2)c2ccccc21,1.6,test,test
CN1Cc2ccccc2C(c2ccc3sccc3c2)C1,0.8,train,test
Cc1cc2c(NC(=O)N[C@@H]3CC(C)(C)Oc4cc(F)ccc43)cccc2cn1,17,train,train
Cc1cc(-c2ccc(NC(=O)Cc3cc(C(F)(F)F)cc(C(F)(F)F)c3)cc2)ccn1,13,train,train
O=S(=O)(Nc1ccc(-c2ccncc2)cc1)c1cc(Cl)cc(Cl)c1,0.2,test,train
Cc1ccccc1[C@H](OC[C@H](O)CNC(C)(C)Cc1ccc2ccccc2c1)C1CC1,0.5,train,train
COc1ccccc1CC(c1ccc(F)cc1)N1CCNCC1,12.1,train,train
Cc1cc(C(=O)N2CCC(Oc3ccc4c(c3)CCN(C3CCC3)CC4)CC2)no1,43,train,test
CN(C[C@@H]1CCCN1C(=O)C[C@H](N)Cc1cc(F)c(F)cc1F)C(=O)C1CC1,1.1,train,train
O=C(/C=C/c1cccnc1)c1cccc(Cl)c1,10.6,train,train
O=C(/C=C/c1cccnc1)c1cccc(Br)c1,8,train,test
CCc1coc2ccc(N3C[C@@]4(CN5CCC4CC5)OC3=O)cc12,21,train,train
Cc1cc(Nc2cc(C)c(C#N)c(NCCOc3cccnc3)n2)n[nH]1,9.9,train,train
CC(C)N1CCN(C(=O)N2CCC(NC(=O)C3CCCC3)CC2)CC1,17,train,train
CN(C(=O)c1ccc(-c2ccccc2)s1)[C@H]1CCN(C(=O)N2CC[C@@H](NC3CCC(C)(C)CC3)C2)C1,2.14763,train,train
CCOc1ccc(-c2ccc(C(=O)N(C)[C@H]3CCN(C(=O)N4CC[C@@H](NC5CCC(C)(C)CC5)C4)C3)s2)cc1,12.58925,train,train
Cc1c(F)cccc1[C@H]1COC(N)=N1,32,train,train
O=C(Nc1ccc(Oc2ccc(F)cc2)cc1)[C@@H]1C[C@@H](c2ccccc2)CN1C(=O)Cc1cnc[nH]1,0.663,train,train
O=C(Nc1ccc(Oc2ccc(F)cc2)cc1)[C@@H]1C[C@H](Cc2ccc(F)cc2)CN1C(=O)Cn1cncn1,3.775,train,test
CC(C)(Cc1c[nH]c2ccccc12)NCC(O)COc1ccc(CCC(=O)O)cc1C#N,12,train,train
c1ccc(CSc2nc3ccccc3[nH]2)nc1,8.79,test,train
Cc1cccc(CN(C2CCOCC2)[C@H]2CCNC2)c1Cl,15.7,train,train
CCc1ncnc2cc(OCC(O)CNC(C)(C)Cc3cc4ccccc4[nH]3)c(OC)cc12,0.04,test,train
CCC1C2CC3C4N(C)c5ccccc5C45CC(C2[C@H]5O)N3C1O,1,train,train
N=C(N)NC(=O)c1ccc(C2CCN(C(=O)c3ccncc3)CC2)c(C(F)(F)F)c1,11,test,test
C[C@@H]1c2nnc(-c3csc(-c4ccc(F)cc4F)n3)n2CCN1C(=O)c1ccc(-c2cccs2)cc1,7,train,train
C[C@H]1SC(N)=N[C@@]2(c3ccc(F)cc3F)CO[C@@H](c3cnn(C)c3)C[C@@H]12,19.8,train,train
Cn1cc([C@H]2C[C@H]3[C@@H](CF)SC(N)=N[C@@]3(c3ccc(F)cc3F)CO2)cn1,26.4,train,train
O=C1Nc2ccccc2/C1=C\c1ccc2c(/C=C/c3ccncc3)n[nH]c2c1,20,train,train
C=C[C@]1(C)C[C@@H](OC(=O)CSc2cncc(NC(=O)CN3CCC(O)CC3)c2)[C@]2(C)[C@H](C)CC[C@]3(CCC(=O)[C@H]32)[C@@H](C)[C@@H]1O,11.2,train,train
Cc1cc2c(NC(=O)N[C@@H]3CC(CF)(CF)Oc4cc(Cl)ccc43)cccc2cn1,4.9,train,train
CN[C@H]1Cc2ccccc2[C@H](c2ccc(Cl)c(Cl)c2)C1,0.067,train,train
CN[C@@H]1CCc2ccccc2[C@H]1c1ccc(Cl)c(Cl)c1,0.057,test,train
O=C(Nc1cccnc1)N1CCC(=Cc2cccc(Oc3ccc(C(F)(F)F)cn3)c2)CC1,1.4,train,test
COC[C@@]12CNCC[C@]1(c1ccc(Cl)c(Cl)c1)C2,3,train,train
CC(C)(N)CCCN(C[C@H]1Cc2ccccc2CN1)[C@H]1CCCc2cccnc21,0.345,train,test
Fc1ccc(C(c2ccc(F)cc2)N2CCN(C/C=C/c3ccccc3)CC2)cc1,7.89,train,train
CN(Cc1cc(Br)cc(Br)c1N)C1CCCCC1,0.1958,train,test
O=C(/C=C/c1ccc2c(c1)OCO2)c1cccnc1,14,train,train
O=C(C1CCCCC1)N1CCC(C(O)CC2c3ccccc3-c3cncn32)CC1,9.5,train,train
Cc1ccc(Sc2ccccc2N2CCNCC2)c(Cl)c1,1.5,train,test
Clc1ccc(Sc2ccccc2N2CCNCC2)c(Cl)c1,0.9,train,train
CN(C)c1ccc(C(=C2C=CC(=[N+](C)C)C=C2)c2ccc(N(C)C)cc2)cc1,0.8244,train,test
CC(C)c1nc(C(=O)NC2CCN(CC3CC3)CC2)c2ccccn12,100,train,train
CC(C)c1nc(C(=O)NC2CCN(CCF)CC2)c2ccccn12,93.5,train,test
CC(C)c1nc(C(=O)NC[C@@H]2[C@H]3CN(CC(C)(C)O)C[C@@H]23)c2ccccn12,43.7,train,train
CCCS(=O)(=O)c1ccc2[nH]c(-c3ccccc3-c3ccccc3)nc2c1,15,train,train
CCCS(=O)(=O)c1ccc2[nH]c(-c3ccc(-c4ccccc4)cc3)nc2c1,15,train,train
c1ccc(CN2CCN(Cc3nc(-c4ccccc4)no3)CC2)cc1,10.2,train,train
NCc1noc(-c2n[nH]c3ccccc23)n1,1,train,train
CC(C)(C)NC(=O)NCCN1CC(NC(=O)c2cc(Cl)cc(Cl)c2)C1,4.5,train,train
CS(=O)(=O)N(Cc1ccccc1-c1ccccc1)[C@H]1CCNC1,3.1,train,test
CCN1CCc2cc(C3=CC4(CCNCC4)Oc4ccccc43)ccc2C1=O,2.8,test,test
CCN(CC)C(=O)c1ccc(C2=CC3(CCCNCC3)Oc3ccccc32)cc1,2.6,train,train
CCN(CC)C(=O)c1ccc(C2=CC3(CCNCC3)Oc3ccccc32)cn1,30,train,train
CCN(CC)C(=O)c1ccc(C2=CC3(CCNCC3)Oc3ccccc32)cc1C,9.5,train,train
CCS(=O)(=O)c1cc2cc(C[C@](O)(CC(C)(C)c3ccc(F)cc3C(N)=O)C(F)(F)F)[nH]c2cn1,41,train,test
Cc1c[nH]c2c(Nc3cccc(Cl)c3)ncc(C(=O)N3CCOCC3)c12,14,train,train
COCCS(=O)(=O)c1ccc2c(c1)CN(C(C)=O)C2C(=O)Nc1ccc(C(O)(C(F)(F)F)C(F)(F)F)cc1,1.1,train,train
O=C(CN1CCCC(c2nc3ccccc3n2Cc2ccc(F)cc2)C1)N1CCCCC1,1.4,test,test
CCN(CCCc1ccc(F)cc1)CC1OC(=O)N(C)CC1(C)NC(=O)Nc1cccc(-c2nnnn2C)c1,9.95,train,train
Cn1cc(-c2cc(C(O)(C(F)(F)F)C(F)(F)F)cnc2N2CCN(S(=O)(=O)c3ccc(N)nc3)CC2)cn1,18,train,train
CN1CC(Cn2nc(-c3cnc4[nH]cc(C(=O)NC(C)(C)C)c4n3)c3cc(OC(F)F)ccc32)C1,19,train,train
Cc1ccc2c(-c3cnc4[nH]cc(C(=O)NC5(C)CCNC5)c4n3)nn(C)c2c1,3,train,train
O=c1[nH]ccn1-c1cccc(O[C@H]2c3ccccc3C[C@@H]2N2CCCC2)c1,3.8,train,test
CC(C)N1CCC[C@H]1CNC(=O)c1cn(C2CCCC2)c(=O)c2c1c1ccccc1n2C,3.89,train,train
CCCN1C[C@H](CSC)C[C@@H]2c3cccc4[nH]cc(c34)C[C@H]21,0.2,train,train
Cc1ccc(-c2cc(C(F)(F)F)nn2-c2ccc(S(N)(=O)=O)cc2)cc1,1,train,train
COc1nc(C)cc(N2Cc3cn(-c4cccc(S(C)(=O)=O)c4)nc3[C@H]2C(C)C)n1,24.2,train,train
NC[C@]1(c2cccc(Cl)c2)CC[C@H](N2CCn3c(nnc3C(F)(F)F)C2=O)CC1,4.5,test,train
Nc1nc2c(s1)CC[C@H]2C(=O)Nc1ccc(C[C@@H]2CC[C@H]([C@H](O)c3ccccc3)N2)cc1,18.3,train,train
O=C(C1CCN(Cc2ccncc2)CC1)N1CCC(n2c(=O)n(CCOc3ccccc3)c3ccccc32)CC1,20,train,train
CCNC(=O)N1CC[C@@H](CN2CCC[C@@H](Cc3ccc(F)cc3)C2)[C@H](NC(=O)Nc2nc(C)c(C(C)=O)s2)C1,1.1,train,train
CC(=O)c1sc(NC(=O)N[C@@H]2CCN(CC3CC3)C[C@H]2CN2CCC[C@@H](Cc3ccc(F)cc3)C2)nc1C,0.92,train,train
CC(=O)c1sc(NC(=O)N[C@@H]2CCN(C(=O)CN(C)C)C[C@H]2CN2CCC[C@@H](Cc3ccc(F)cc3)C2)nc1C,5.1,train,train
CC(=O)c1sc(NC(=O)N[C@@H]2CS(=O)(=O)C[C@H]2CN2CCC[C@@H](Cc3ccc(F)cc3)C2)nc1C,2.1,train,train
CC(=O)c1sc(NC(=O)N[C@@H]2CNC[C@H]2CN2CCC[C@@H](Cc3ccc(F)cc3)C2)nc1C,28,train,train
CC(=O)c1sc(NC(=O)N[C@@H]2CN(C(=O)OC(C)(C)C)CC[C@H]2CN2CCC[C@@H](Cc3ccc(F)cc3)C2)nc1C,0.16,train,train
CN(C(=O)CNc1cccc(CNS(C)(=O)=O)c1)[C@H](CN1CC[C@H](O)C1)c1ccccc1,8.7,train,train
COc1cc([N+](=O)[O-])ccc1O[C@@H](c1ccccc1)[C@H]1CCNC1,5.01187,train,test
Clc1cc(Cl)cc(O[C@@H](c2ccccc2)[C@H]2CCNC2)c1,0.63096,train,train
CCn1cc(-c2ccnc3[nH]ccc23)c(-c2cccc(NC(=O)Nc3ccc(C(F)(F)F)cc3)c2)n1,5.01187,train,train
CC(C)(C)Sc1c(CC(C)(C)C(=O)O)n(Cc2ccc(Cl)cc2)c2ccc(OCc3ccc4ccccc4n3)cc12,0.011,test,train
CC(C)C(=O)N(Cc1ccc(Cl)c(Cl)c1Cl)[C@H]1CCNC1,17.6,test,train
c1cnc2c(Nc3ccc4cnccc4c3)n[nH]c2c1,3.98,train,train
COc1cccc(OC)c1/C=C/C(=O)c1ccc[nH]1,18,test,test
O=C(/C=C/c1ccccc1Cl)c1ccc[nH]1,12,test,train
c1ccc(COc2ccc3c(c2)CCN(C2CCCC2)CC3)cc1,0.6,train,train
CCCCNc1nccc2[nH]c3ccccc3c12,0.007943,train,train
C=C(F)CN(CC)C(=O)[C@@]1(c2cccs2)C[C@H]1CN,6,test,train
O=c1ccc(-c2nc3cc(S(=O)(=O)C(F)(F)F)ccc3[nH]2)cn1-c1ccccc1,20,train,train
CCS(=O)(=O)c1ccc2[nH]c(-c3cc(-c4ccccc4)ccc3Cl)nc2c1,15,train,train
CCNCc1ccc(Nc2ccnc3cc(Cl)ccc23)cc1O,3.4,train,train
C[C@@]1(c2cc(NC(=O)c3cnc(OCF)cn3)ccc2F)CCC(F)(F)C(N)=N1,1,train,train
Fc1ccc(C(OCCN2CCC(CCCc3ccccc3)CC2)c2ccc(F)cc2)cc1,1.21,test,train
c1ccc2cc([C@]34CCC[C@H]3CNC4)ccc2c1,9.42,train,test
CN1C[C@H]2CCC[C@@]2(c2ccc3ccccc3c2)C1,12.8,train,train
CN[C@H]1Cc2ccccc2[C@@H](c2ccc(Cl)c(Cl)c2)C1,2.78,test,train
O=C(c1cc(F)c2[nH]ccc2c1)C1(Cc2ccccc2)CCNC1,0.075,train,train
COC(=O)N1CCC(CN2C[C@@H]3[C@@H](CNC(=O)c4nc(C(C)C)n5ccccc45)[C@@H]3C2)CC1,88.5,train,train
CS(=O)(=O)c1ccc2nc(N3CCN(C(=O)[C@@H]4CCCC[C@H]4C(=O)NC4(C#N)CC4)CC3)sc2c1,0.63096,train,test
CN(C)[C@@H]1CCN(c2ccc(Cl)c(Cl)c2)c2ccccc21,6.02,train,train
CN[C@H]1Cc2ccccc2N(c2ccc(Cl)c(Cl)c2)C1,0.1,train,train
CCSc1nc2cc(OC)ccc2[nH]1,4.93,train,train
CCCCCCSc1nc2cc(OC)ccc2[nH]1,2.61,train,train
COc1ccc2[nH]c(SCC(C)C)nc2c1,11.6,train,train
COc1ccc2[nH]c(SCc3ccc(C(C)C)cc3)nc2c1,2.05,train,test
COc1ccccc1N1CCN(C(=O)c2cc(-c3ccc(Cl)cc3)nn2C)CC1,29,test,train
CCC(=O)N1CC[C@H](N(Cc2cc(F)ccc2C)c2ccc(C#N)c(Cl)c2)C1,16,test,train
C[C@H](O)C(=O)N1CC[C@H](N(Cc2ccccc2C(F)(F)F)c2ccc(C#N)c(Cl)c2)C1,19,test,train
CCS(=O)(=O)N1CC[C@H](N(Cc2ccccc2C(F)(F)F)c2ccc(C#N)c(Cl)c2)C1,13,test,train
CCC(=O)N1CC[C@H](N(Cc2cc(Cl)ccc2Cl)c2ccc(C#N)c(Cl)c2)C1,13,test,train
O=C(NCC1CCOCC1)c1cnc(Nc2cccc(OC(F)(F)F)c2)cc1C1CC1,24,test,test
CN(C)CCC1=C(Cc2ccc(F)cc2)c2ccccc2C1,0.3,train,train
CN1CCc2ccc(NS(=O)(=O)c3ccc(-c4ccc(Cl)cc4)cc3)cc2CC1,1.5,test,train
CCNC(=O)CN1C(=O)C(C)(c2cc(F)cc(F)c2)Oc2ccc(-c3c(N)nc(N)nc3CC)cc21,1.89,train,train
CC(=O)N1CCC(C(=O)N2C[C@H](C(=O)N(C)C(C)(C)c3cc(C(F)(F)F)cc(C(F)(F)F)c3)[C@@H](c3ccc(F)cc3C)C2)CC1,57,train,train
CC(=O)N1CCC(C(=O)N2C[C@H](C(=O)N(C)Cc3cc(C(F)(F)F)cc(C(F)(F)F)c3)[C@@H](c3ccc(F)cc3C)C2)CC1,92,train,test
CCCC1(C(=O)c2ccc3[nH]ncc3c2)CCCN1,15,train,train
Cc1cc(C(N)=O)nn1-c1cccc(-c2cc(C(F)(F)F)ccc2C(F)(F)F)c1,33,train,train
O=C(NCCN1CCC2(CC1)C(=O)NCN2c1cccc(F)c1)c1ccc(F)c(F)c1,7.9,test,train
Fc1ccc(C2CC=CCNC2)cc1Cl,6.4,train,train
CN1CC=CCC(c2ccc(Cl)c(Cl)c2)C1,10.2,train,test
Cc1cccc2nc(NC(=O)c3ccnc(C(F)(F)F)c3)n([C@@H]3CCCCN(C(=O)/C=C/CN(C)C)C3)c12,6.1,train,train
CN1CC=CCC(c2cc3ccccc3o2)C1,6.7,train,train
COc1ccc2[nH]c(SCc3ccc(I)cc3)nc2c1,0.41,train,train
CCCS(=O)(=O)NCc1ccc2c(c1)C[C@H](C(=O)N(C)[C@H](CN1CC[C@H](O)C1)c1ccccc1)O2,5.7,train,train
O=C1COc2ccc(S(=O)(=O)N3c4ccccc4COc4cc(F)ccc43)cc2N1,21.305,train,train
CC1(C)OC(=S)Nc2ccc(S(=O)(=O)N3c4ccccc4COc4cc(F)ccc43)cc21,4.1,train,train
O=C(O)CCN1CCC2(CC1)C(=O)Nc1cc(/C=C3\c4ccccc4COc4cc(F)ccc43)ccc12,29.88,test,train
CN(C)CC(=O)N1CCC2(CC1)C(=O)Nc1cc(/C=C3\c4ccccc4COc4cc(F)ccc43)ccc12,7.754,test,test
O=S1(=O)CCC(COc2ccc3c(c2)CCC2(CCN(C4CCC4)CC2)O3)CC1,11,train,train
O=C(NC1CCCCC1)c1nnc(CS(=O)(=O)c2ccccc2)o1,20,test,train
Cc1cccnc1[C@H](C)c1c(CCN(C)C)sc2ccccc12,5.5,train,train
COc1cc(CSc2nc3ccc(OC)cc3[nH]2)cc(OC)c1,9.12,train,train
COc1ccc2[nH]c(SCc3ccccn3)nc2c1,13.15,test,train
N[C@@H](CC(=O)N1CCC[C@H]1CNc1ncccn1)Cc1cc(F)c(F)cc1F,2.2,train,train
Clc1ccc([C@]23CCC[C@H]2CNC3)cc1Cl,2.47,train,test
CC(C)c1nc(CN(C)C(=O)N[C@@H](CCN2CCOCC2)C(=O)N[C@H](CCN(Cc2ccccc2)C(=O)OCc2cncs2)Cc2ccccc2)cs1,1.3,train,train
CN(C)CCc1sc2ccccc2c1Cc1ccc(F)cc1,0.2,test,train
CCN(CC)C(=O)c1ncc(C2=CC3(CCNCC3)Oc3ccccc32)cn1,21,train,train
CC(C)c1nc(C(=O)NC[C@@H]2[C@H]3CN(CC(C)(C)F)C[C@@H]23)c2ccccn12,100,train,train
CCN(CC)C(=O)c1ccc(C2=CC3(CCNCC3)Oc3ccccc32)c(O)c1,43,train,train
CC(C)c1nc(C(=O)NC2CCN(C(C)C)CC2)c2ccccn12,50.4,train,train
COCCN1CCN(C(=O)c2nc3cc(C(F)(F)F)c(C)c([N+](=O)[O-])c3s2)CC1,58.6,train,train
Clc1ccc([C@@]23CCCC[C@@H]2CNC3)cc1Cl,7.93,train,train
CCOC(=O)CCc1ccc(OCC(O)CNC(C)(C)Cc2c[nH]c3ccccc23)c(C#N)c1,2.1,train,test
COCCc1ccc(OCC(O)CNC(C)C)cc1,24,train,train
CC(C)NCC(O)COc1ccccc1,18,train,test
Cc1cccc(C)c1CNc1cc(C(=O)NCCO)cn2c(C)c(C)nc12,58,train,train
CC(C)(Cc1ccc2ccccc2c1)NC[C@@H](O)CO[C@@H](c1ccccc1CO)C1CC1,1.2,train,test
COc1cc(NC(=O)c2ccccc2F)ccc1-c1nnc(NCCCN2CCCCC2)o1,54,test,train
CCC(=O)N1CC[C@H](N(Cc2ccccc2C(F)(F)F)c2ccc(C#N)c(Cl)c2)C1,10,test,train
CC(C)(Cc1ccc2ccccc2c1)NC[C@@H](O)COc1ccc(CCC(=O)O)cc1,0.052,test,train
CN(C1CCOCC1)C1CCN(c2nc3ccccc3n2Cc2ccc(F)cc2)CC1,6.36,test,train
CN(C)CCN(C)C1CCN(c2nc3ccccc3n2Cc2ccc(F)cc2)CC1,6.134,train,test
CN(CCO)C1CCN(c2nc3ccccc3n2Cc2ccc(F)cc2)CC1,35.15,train,train
Clc1ccc([C@]23CCCC[C@H]2CNC3)cc1Cl,2.65,train,test
CCc1ccc(-c2ccc(C(=O)N(C)[C@H]3CCN(C(=O)N4CC[C@@H](NC(C)C)C4)C3)cc2)cc1,15.84893,test,train
NC(=O)C[S+]([O-])Cc1ccccc1Oc1ccc(Cl)c(Cl)c1,97.5,train,test
Cc1nc(NC(=O)CN2C(=O)OC[C@H]2C(C)C)sc1-c1ccc(N)cc1,25,train,train
CCN[C@H]1CC[C@@H](c2c[nH]c3ccc(NC(=N)c4cccs4)cc32)CC1,0.927,train,train
c1ccc2c(c1)CN[C@@H](CN(CCCN1CCN(C3CC3)CC1)[C@H]1CCCc3cccnc31)C2,6.04,train,train
Cn1ccnc1C(O)C=C(c1ccccc1)c1ccccc1,15,train,test
Nc1ccccc1-c1nc(N)c2ccccc2n1,100,train,train
CCCCCCCCCCCc1cccn1C1c2ccccc2CCc2ccccc21,5.8,train,train
O=C1CC[C@@]2(O)[C@H]3Cc4ccc(O)c5c4[C@@]2(CCN3CC2CC2)[C@H]1O5,1,train,train
Cc1nccn1-c1ccc(-c2cn(CC(=O)Nc3cccc(Cl)c3Cl)nn2)cn1,18,test,train
Cc1cc(O[C@H](CCCCNCc2ccc(F)cc2)C(=O)NO)cc(C)c1F,0.23,test,train
CCc1ccccc1OCC(O)CNC(C)(C)Cc1cc2ccccc2[nH]1,0.12,train,test
O=C(Cn1c(=O)sc2ccc(Cl)cc21)N1CCCC(c2ccccc2)C1CN1CCOCC1,8,train,train
O=C1COc2cc(Cl)c(Cl)cc2N1CC(=O)N1CCCC(c2ccccc2)C1CN1CCOCC1,4.8,test,train
N#CCN(CC(=O)N1CCCC(c2ccccc2)C1CN1CCOCC1)c1ccc(Cl)c(Cl)c1,3.7,train,train
N#CCN(CC(=O)N1CCCC(c2ccccc2)C1CN1CCCC1)c1ccc(Cl)c(Cl)c1,2.3,train,train
C[C@H](c1cccnc1Cl)c1c(CCN(C)C)sc2ccccc12,9.5,train,train
CCS(=O)(=O)c1ccc2[nH]c(-c3cccc(-c4ccccc4)c3Cl)nc2c1,18,train,test
Clc1ccc(C2CCCCNC2)cc1Cl,2.3,train,train
CN(C(=O)CC(=O)NCc1ccccc1)[C@H](CN1CC[C@H](O)C1)c1ccccc1,3.2,train,train
CC(=O)N1CCC(C(=O)N2C[C@H](C(=O)N(C)Cc3cc(C(F)(F)F)cc(C(F)(F)F)c3)[C@@H](c3ccccc3)C2)CC1,24,train,train
Cc1ccsc1-c1cccnc1,95.9,train,test
CN(C)Cc1ccc(-c2cccnc2)o1,100,train,train
CN(C)Cc1ccc(-c2cccnc2)s1,28.7,train,train
CC(=O)SCc1ccc(-c2cccnc2)o1,90.8,train,train
NCc1ccc(-c2cccnc2)s1,100,train,train
Fc1cccc(CN(C2CCOCC2)[C@H]2CCNC2)c1C(F)(F)F,30,train,test
Nc1ccccc1NC(=O)c1ccc(C2CCN(CCC(=O)Nc3ccccc3F)CC2)cc1,10,train,train
CC(C)(C#N)c1ccc(CCC2(C3CCCC3)CC(O)=C(Cc3cn4ccccc4n3)C(=O)O2)cc1F,0.7,train,train
CCCC1(c2ccc3[nH]ccc3c2)CCNC1,7.5,train,train
c1ccc(CC2(c3cnc4[nH]ccc4c3)CCNC2)cc1,11.5,train,test
C[N+]1(C)C2CCC1CC(OC1c3ccccc3C=Cc3ccccc31)C2,60,train,train
CC1C2C=C(C=C3c4ccccc4CCc4ccccc43)CC1CC2,0.21,train,test
CN(C)CCC1(O)c2ccccc2CCc2ccc3ccccc3c21,0.06,train,train
COc1cccc2c(C(=O)N3CCN4CCCC[C@H]4C3)cn(CC3CCCCC3)c12,13,test,train
CN1C(=N)N[C@@]2(c3cc(-c4cccc(C#N)c4)cs3)CN(c3ccc(F)cn3)C[C@H]2C1=O,6,train,train
O=C(NCC1CCC1)c1cnc(Nc2cccc(Cl)c2)nc1C(F)(F)F,22,test,train
NC1(Cc2ccc(Cl)cc2)CCN(c2ncnc3[nH]ccc23)CC1,1,test,test
COc1nc(C2=NOC[C@H](c3cc4ccccc4o3)N2)ccc1-n1cnc(C)c1,2,train,train
CC(C)(C)NCc1cc(Nc2ccnc3cc(Cl)ccc23)ccc1F,0.3,train,train
Clc1ccc(COC(Cn2ccnc2)c2ccc(Cl)cc2Cl)cc1,0.4,test,train
CN1CC(C)(NC(=O)Nc2nc(C(C)(C)C)cs2)C(CN2CCC[C@@H](Cc3ccc(F)cc3)C2)OC1=O,40,train,test
Cn1c(-c2ccoc2)c(C2CCCCC2)c2ccc(C(=O)NC(C)(C)C(=O)Nc3ccc(/C=C/C(=O)O)cc3)cc21,9,train,train
Clc1cc(Cl)cc(O[C@H](c2ccccc2)[C@@H]2CCNC2)c1,3.98107,train,train
FC1(F)CCN(CCC2=C(Cc3cnccn3)c3ccccc3C2)C1,7.533,train,test
c1cc2[nH]ncc2cc1N1CCNCC1CC1CCOCC1,8.26,train,train
C[C@@H](c1ncccc1Cl)c1c(CCN(C)C)sc2ccccc12,1.5,train,train
CC(c1c(CCN(C)C)sc2ccccc12)n1ccnc1,100,train,train
O=C(NCc1ccncc1)c1nnc(CS(=O)(=O)c2ccccc2)o1,5.7,train,train
COC(=O)N1CC[C@H](N(Cc2ccccc2)c2ccc(C#N)c(Cl)c2)C1,7.5,test,train
COC(=O)N1CC[C@H](N(Cc2ccccc2C(F)(F)F)c2ccc(C#N)c(Cl)c2)C1,8,test,train
COC(=O)N1CC[C@H](N(Cc2ccccc2Cl)c2ccc(C#N)c(Cl)c2)C1,11,test,test
Cc1cc(-c2ccc(-c3cccc(O)c3)s2)ccc1O,1.5,train,test
N[C@@H](CC(=O)N1CCC[C@H]1CN(C1CC1)S(=O)(=O)C(F)(F)F)Cc1cc(F)c(F)cc1F,0.1,train,test
CS(=O)(=O)NC[C@@H]1CCCN1C(=O)C[C@H](N)Cc1cc(F)c(F)cc1F,14.2,train,train
CC(F)(F)C(=O)NC[C@@H]1CCCN1C(=O)C[C@H](N)Cc1cc(F)c(F)cc1F,3.9,train,train
N[C@@H](CC(=O)N1CCC[C@H]1CNc1ncc(F)cn1)Cc1cc(F)c(F)cc1F,0.1,train,train
N[C@@H](CC(=O)N1CCC[C@H]1CNc1ccc(C(F)(F)F)nc1)Cc1cc(F)c(F)cc1F,5,train,train
CCc1ccc(-c2ccc(C(=O)N(C)[C@H]3CCN(C(=O)N4CC[C@@H](NC5CCC(C)(C)CC5)C4)C3)s2)cc1,3.16228,train,train
CN(C)C(=O)c1ccc(-n2nc(C(F)(F)F)c3c2CCCC3)cc1,6,train,train
C[C@@H](O[C@H]1CC[C@@H]2CN(C3=CC(=O)CC3)C[C@H]2[C@@H]1c1ccc(F)cc1)c1cc(C(F)(F)F)cc(C(F)(F)F)c1,35,train,train
Cc1cc(-c2c(Cl)cccc2Cl)cc2nnc(Nc3ccc(OCCN4CCCC4)cc3)nc12,33,train,train
NC[C@]1(c2cccc(Cl)c2)CC[C@H](N2CCc3c(nc(C(F)(F)F)nc3C3CC3)C2=O)CC1,10,train,train
CN1CC=C(c2c[nH]c3ccc(NC(=N)c4ccco4)cc23)CC1,20.5,test,test
CC1CC(C(=O)Nc2nc3ccc(Br)cc3s2)CC(C)(C)C1,1.6,train,train
C=CCN(CC(O)COc1ccccc1C#N)C(C)(C)Cc1cc2ccccc2[nH]1,0.04,train,train
CC(=O)Nc1ccc(-c2ccc(C(CN3CCOCC3)N(C)C(=O)CN3C(=O)COc4cc(C)c(C)cc43)cc2)cc1,30,train,train
COc1cc(/C=C/C(=O)/C=C/c2ccc(O)c(OC)c2)ccc1O,0.6,test,train
OC(CC1c2c(F)cccc2-c2cncn21)C1CCCCC1,2,train,train
O=C(/C=C/c1ccccc1)c1cccnc1,8.2,train,train
Cn1cc([C@H]2C[C@H]3CSC(N)=N[C@@]3(c3ccc(F)cc3F)CO2)cn1,13.9,train,train
Cc1coc([C@H]2C[C@H]3[C@@H](CF)SC(N)=N[C@@]3(c3ccc(F)cc3F)CO2)n1,30,train,train
O=C(N[C@@H]1C[C@H]2CC[C@@H](C1)N2Cc1ccc2cc(F)ccc2c1)c1ccccc1C(=O)N1CCCC1,7.3,train,train
Nc1ncc(-c2ccc(OCCCN3CCC(Cc4c[nH]cn4)CC3)cc2)cn1,12,train,test
Cc1ccc(Sc2ccccc2N2CCNCC2)cc1C,2.8,train,train
Clc1cccc(O[C@@H](c2ccccc2)[C@H]2CCNC2)c1Cl,0.79433,train,train
CN(C(=O)[C@H]1Cc2cccc(NS(C)(=O)=O)c2O1)[C@H](CN1CC[C@H](O)C1)c1ccccc1,1.1,train,test
Cc1ccc(N(CC2=NCCN2)c2cccc(O)c2)cc1,10,train,train
Cc1ncn(-c2cc(Cl)c(C(=O)NC[C@@H](c3cccc(F)c3)c3nc4ccc(Cl)cc4[nH]3)c(Cl)c2)n1,30.4,train,train
CC(C)c1nc(CN(C)C(=O)N[C@H](C(=O)N(CCCCN(Cc2ccccc2)C(=O)OCc2cncs2)Cc2ccccc2)C(C)C)cs1,1.1,train,train
CC[C@@H](CC[C@H](CC)NC(=O)[C@@H](NC(=O)N(C)Cc1csc(C(C)C)n1)C(C)C)NC(=O)OCc1cncs1,6.5,train,test
CC(C)c1nc(CN(C)C(=O)N[C@H](C(=O)N[C@H](CC[C@H](Cc2ccccc2)NC(=O)OCc2cncs2)Cc2ccccc2)C(C)C)cs1,2.9,train,test
Cc1ccc(Sc2ccccc2N2CCNCC2)cc1,2.7,train,train
Clc1ccc(Sc2ccccc2N2CCNCC2)cc1,0.4,train,train
COc1ccc2[nH]c(SCc3ccccc3)nc2c1,0.12,train,train
CC(C)c1nc(CN(C)C(=O)N[C@@H](Cc2c[nH]cn2)C(=O)N[C@@H](CC[C@@H](Cc2ccccc2)NC(=O)OCc2cncs2)Cc2ccccc2)cs1,0.4,train,train
COc1ccc2nc(SCc3ccc4ccccc4c3)[nH]c2c1,2.73,train,train
CCS(=O)(=O)c1ccc2c(c1)CN(C(C)=O)C2C(=O)Nc1ccc(C(O)(C(F)(F)F)C(F)(F)F)cc1,0.3,train,train
CC(=O)N1Cc2cc(S(=O)(=O)NC3CC3)ccc2C1C(=O)Nc1ccc(C(O)(C(F)(F)F)C(F)(F)F)cc1,0.02,train,train
O=C1O[C@@]2(CN3CCC2CC3)CN1c1ccc(Br)s1,9,train,train
O=C1O[C@]2(CN3CCC2CC3)CN1c1ccc(Cl)s1,2,train,train
COCCN(CC(=O)N(C)C(CN1CCCC1)c1ccc(-c2ccc(C(N)=O)cc2)cc1)c1ccc(Cl)c(Cl)c1,6.2,test,train
CCc1nc(N)nc(N)c1-c1ccc2c(c1)N(CCCCO)C(=O)C(C)(c1cc(F)cc(F)c1)O2,6.96,train,train
CCc1nc(N)nc(N)c1-c1ccc2c(c1)N(CCCOC)C(=O)C(C)(c1ccc(F)c(F)c1)O2,5.7,train,test
Nc1nc(N)c2c(OCC3CCN(Cc4ccccc4F)CC3)cccc2n1,9.38,train,train
Cc1ccccc1CN(C1CCOCC1)[C@H]1CCNC1,30,train,train
CCCS(=O)(=O)Nc1ccc(F)c(C(=O)c2c[nH]c3ncc(-c4ccc(C#CCN(CC)CC)nc4)cc23)c1F,5,train,train
CN(CC(O)COc1ccccc1C#N)C(C)(C)Cc1cc2ccccc2[nH]1,0.03,train,train
CC(Cc1ccccc1)NC1CC2c3ccccc3CCc3cccc1c32,0.15,train,train
CN(C(=O)CC(=O)Nc1ccccc1)[C@H](CN1CC[C@H](O)C1)c1ccccc1,5.3,train,train
CN(C(=O)NCC(=O)Nc1ccccc1)[C@H](CN1CC[C@H](O)C1)c1ccccc1,5.1,train,train
O=C(CCN1CCC(Cc2c[nH]cn2)CC1)Nc1ccc(CN2CCCCC2)cc1,9,test,train
O=C(Nc1ncccn1)N1CCC(Cc2c[nH]cn2)CC1,6,train,train
c1nc(CC2CCN(CCCOc3ccc(NC4CCCCC4)cc3)CC2)c[nH]1,0.9,train,train
COC(=O)N1CC[C@H](N(Cc2ccccc2C)c2ccc(C#N)c(Cl)c2)C1,22,test,train
CCC(=O)N1CC[C@H](N(Cc2ccccc2Br)c2ccc(C#N)c(Cl)c2)C1,7.5,test,train
C[C@H](O)C(=O)N1CC[C@H](N(Cc2cc(Cl)ccc2Cl)c2ccc(C#N)c(Cl)c2)C1,20,test,train
CC(C)c1nc(CN(C)C(=O)N[C@H](C(=O)N[C@@H](CC[C@@H](Cc2ccccc2)NC(=O)OCc2cncs2)Cc2ccccc2)C(C)C)cs1,0.4,train,train
CN1CCC(c2nn(-c3cnc4[nH]cc(C(=O)NC(C)(C)CO)c4n3)c3ccccc23)CC1,12,train,train
COC(=O)N[C@H](C(=O)N1CCC[C@H]1c1nc(Br)c(-c2ccc(N=[N+]=[N-])cc2)[nH]1)C(C)C,50.5,train,train
C[C@H](c1cccnc1F)c1c(CCN(C)C)sc2ccccc12,7.5,train,train
CC1(CC(=O)NCCNc2ccnc3cc(Cl)ccc23)CC2(CCCCC2)OO1,3.9,train,test
COc1ccc2[nH]c(SCc3ccc(Br)cc3)nc2c1,0.09,train,train
Clc1cccc(OC(c2cccnc2)[C@@H]2CCCNC2)c1Cl,2.4,train,test
COc1ccc2c(c1)C(C1CCCCC1)N(C(=O)CNC[C@@H](C)O)CC2,3.7,train,train
Cc1cccc2c1C(c1ccccc1)N(C(=O)CNC[C@@H](C)O)CC2,5.6,train,test
CC(=O)c1sc(NC(=O)N[C@@H]2CCN(C3CCN(C(C)=O)CC3)C[C@H]2CN2CCC[C@@H](Cc3ccc(F)cc3)C2)nc1C,36,train,train
CC(=O)c1sc(NC(=O)N[C@@H]2CNCC[C@H]2CN2CCC[C@@H](Cc3ccc(F)cc3)C2)nc1C,56,train,train
Cc1cc2ncc(=O)n(CC(=O)N3CCCC(c4ccccc4)C3CN3CCCC3)c2cc1C,8.4,train,train
COCCN(CC(=O)N1CCCC(c2ccccc2)C1CN1CCOCC1)c1ccc(Cl)c(Cl)c1,3.2,train,train
Clc1ccc(Cl)c(O[C@@H](c2ccccc2)[C@H]2CCNC2)c1Cl,1.25893,train,train
CC(C)(Cc1cc2ccccc2[nH]1)NCC(O)COc1ccc(S(C)(=O)=O)cc1,0.35,train,train
Clc1cccc(CN(CC2CC2)[C@H]2CCNC2)c1Cl,0.03,test,train
CN(C[C@H]1Cc2c(cccc2N2CCN(c3ncccn3)CC2)CN1)[C@H]1CCCc2cccnc21,0.508,test,test
COc1cccc(C2CN(c3nc(-c4ccncc4)cc(=O)n3C)CCN2)c1,0.4,train,train
C[C@@H]1CN(Cc2ccccc2)CCN1c1nc(-c2ccncn2)cc(=O)n1C,21,train,train
O=C(COc1ccc(-n2ccnc2)cc1)Nc1ccc(-c2ccccc2)cc1,0.1,train,test
Cc1nnc2sc(C(=O)NCc3ccc(S(F)(F)(F)(F)F)cc3)c(N)c2c1C,23.9,train,train
CN1C[C@H](CNC(=O)OCc2ccccc2)C[C@@H]2c3cccc4c3c(cn4C)C[C@H]21,0.2,train,train
CCN1CC(CCN2CCOCC2)C(c2ccccc2)(c2ccccc2)C1=O,0.1,train,train
CCN1C[C@H]2C[C@@H](N(Cc3cccc(OC(F)(F)F)c3)C(=O)c3cn(C)cn3)C[C@H]2C1,1.1,test,train
CNC1CCCC(c2c[nH]c3ccc(NC(=N)c4cccs4)cc23)C1,5.14,train,train
N[C@H]1C[C@@H](N2Cc3cnc4nnc(C5CC5)n4c3C2)CC[C@@H]1c1cc(F)c(F)cc1F,19,test,train
Cc1ccc(F)cc1CN(c1ccc(C#N)c(Cl)c1)[C@H]1CCN(C(=O)OC(C)C)C1,15,test,test
CC(=O)N1CC[C@H](N(Cc2ccccc2C(F)(F)F)c2ccc(C#N)c(Cl)c2)C1,17,test,train
O=S(=O)(Cc1ccc2c(c1)CCNCC2)c1ccc(N2CCOCC2)nc1,16,train,train
O=C(CCN1CCC(Cc2c[nH]cn2)CC1)Nc1ccc(Cl)cc1,0.04,test,train
O=C(CCN1CCC(Cc2c[nH]cn2)CC1)Nc1cccc(F)c1,0.1,test,train
CN(CC(=O)N(C)[C@H](CN1CC[C@H](O)C1)c1ccccc1)c1ccc(C#N)cc1,0.67,train,train
CCn1cc(-c2ccnc3[nH]ccc23)c(-c2cccc(NC(=O)Nc3cccc(OC)c3)c2)n1,0.19953,train,train
COc1ccc(Cn2c(N3CCC(NCC4CCOCC4)CC3)nc3ccccc32)cc1,16.309,train,train
CCC(=O)N1CC[C@@H](CN2CCC[C@@H](Cc3ccc(F)cc3)C2)[C@H](NC(=O)Nc2nc(C)c(C(C)=O)s2)C1,1.5,train,test
CC(=O)c1sc(NC(=O)N[C@@H]2CCCC[C@H]2CN2CCC[C@@H](Cc3ccc(F)cc3)C2)nc1C,0.24,train,train
CNC(C)C1(c2ccc(Cl)c(Cl)c2)CCCCC1,8.5,train,train
CCN(CC)CCNC(=O)c1cc(Cl)c(N)cc1OC,0.8,train,train
CN1C[C@@H]2CCC[C@]2(c2ccc(Cl)c(Cl)c2)C1,4.35,train,train
CN(CC1CCCCC1)C1CCN(c2nc3ccccc3n2Cc2ccc(F)cc2)CC1,0.36,test,test
Fc1ccc(Cn2c(N3CCC(NCC4CCOCC4)CC3)nc3ccccc32)cc1,12.134,train,train
C[C@@H]1COCCN1c1nc(N2CCOC[C@@H]2C)nc2[nH]c(-c3cccc4[nH]ccc34)nc12,12.8,train,train
COc1ccc2nc3cc(Cl)ccc3c(Nc3ccc(O)c(CN4CCN(C)CC4)c3)c2c1,1,train,train
COc1ccc2c(c1)CCN(C(=O)CNCC1(O)CCCCC1)C2C(C)C,1.8,train,test
Cc1nc(NC(=O)CN(Cc2ccccc2)C(=O)c2ccncc2)sc1-c1ccc(N)nc1,4.3,train,train
O=C1CCCCN1C1CCN(c2nc3ccccc3n2Cc2ccc(F)cc2)CC1,4.353,test,train
N[C@@H](CC(=O)N1CCC[C@H]1COc1ccnc(C(F)(F)F)n1)Cc1cc(F)c(F)cc1F,1.7,train,train
COCCCN1CCC(CNC(=O)c2nc(C(C)C)n3ccccc23)CC1,48.6,train,train
Nc1cc(CN2CCC(F)(C(=O)N3CCC(N4Cc5ccccc5-c5ccccc5C4)CC3)CC2)ccn1,0.3,train,train
CC1CCCCC1C(=O)N1CC(c2nc(-c3cccc(F)c3)no2)C1,100,train,test
COC1=C(OC)C(=O)C(CCCCCCCCCCO)=C(C)C1=O,3,train,train
CC1CC(C(=O)Nc2nc3ccc(Cl)cc3s2)CC(C)(C)C1,0.2,train,test
CC(=O)c1sc(NC(=O)N[C@@H]2CN(CCF)CC[C@H]2CN2CCC[C@@H](Cc3ccc(F)cc3)C2)nc1C,3.3,train,train
COc1ccc2cc(-c3cnccc3N)ccc2c1,11.1,train,train
Cc1nnc(C(C)C)n1[C@@H]1C[C@H]2CC[C@@H](C1)N2CC[C@H](NC(=O)C1CCCC1)c1cccs1,16.8,test,train
CCc1nc(N)nc(N)c1-c1ccc2c(c1)N(CCCOC(F)(F)F)C(=O)C(C)(c1cc(F)cc(F)c1)O2,3.22,train,train
Cn1c(N2CCO[C@@H](c3ccc(F)cc3)C2)nc(-c2ccncn2)cc1=O,39.7,train,test
Cn1c(N2CCO[C@@H](c3ccc(F)cc3)C2)nc(-c2ccncc2)cc1=O,44.2,train,train
Cc1nnc2sc(C(=O)NCc3ccc(-c4cccnc4F)cc3)c(N)c2c1C,19,train,train
CC(C)C(=O)N1CC[C@H](N(Cc2ccccc2C(F)(F)F)c2ccc(C#N)c(Cl)c2)C1,6,test,train
Clc1ccc(CSC(Cn2ccnc2)c2ccc(Cl)cc2Cl)cc1,0.8,train,train
CN(C)S(=O)(=O)NCCCCCNc1nc(-c2ccccn2)cs1,0.95,train,train
CN1Cc2cc(N3CCOCC3)ccc2[C@@H](c2ccc3sccc3c2)C1,11,train,train
CN1CC=C(c2c[nH]c3cc(NC(=N)c4cccs4)ccc23)CC1,63.2,train,test
O=C(c1cccc(Cl)c1)N1CCC(=CC#Cc2cccc(Cl)n2)CC1,12.7,train,train
CN(C(=O)CNc1ccc([N+](=O)[O-])cc1)[C@H](CN1CC[C@H](O)C1)c1ccccc1,3.4,train,test
O=C(Cn1c(=O)cnc2cc(Cl)c(Cl)cc21)N1CCCC(c2ccccc2)C1CN1CCOCC1,21,train,train
C[C@]1(c2cc(NC(=O)c3ccc(C#N)cn3)ccc2F)N=C(N)CO[C@@H]1F,4.3,test,test
COCCCN1C[C@@H]2[C@@H](CNC(=O)c3nc(C(C)C)n4ccccc34)[C@@H]2C1,21.9,train,train
CCc1nc(N)nc(N)c1-c1ccc2c(c1)N(CCNC(C)=O)C(=O)C(C)(c1ccc(Cl)cc1)O2,19,train,train
CC(C)CN(C(=O)c1ccccc1Oc1ccccc1)[C@H]1CCNC1,0.29,train,train
N[C@H]1Cn2c(nc3cnccc32)C[C@@H]1c1cc(F)c(F)cc1F,13,test,test
N#Cc1ccnc(OC[C@@H]2CCCN2C(=O)C[C@H](N)Cc2cc(F)c(F)cc2F)c1,4.3,test,train
COc1ccc2[nH]c(SCc3ccc(Cl)cc3)nc2c1,1.23,train,train
COc1ccc2[nH]c(SCc3cccc(-c4ccccc4)c3)nc2c1,0.02,test,train
Nc1ccc2[nH]c(SCc3ccccn3)nc2c1,2.17,test,train
O=C(c1ccccc1Oc1ccccc1)N(C1CCC1)[C@H]1CCNC1,3.37,train,train
OCC[C@]1(c2ccc(Cl)c(Cl)c2)CCCCNC1,18,train,train
C1=CCC(c2cc3ccccc3o2)CNC1,7.8,train,train
N#Cc1cc(Cl)cc(Oc2cc(OCc3n[nH]c4nc(N)ccc34)cc(F)c2Cl)c1,47.4,train,test
CN(CC(=O)N1CCCC(c2ccccc2)C1CN1CCOCC1)c1ccc(Cl)c(Cl)c1,2.3,train,train
CN(CC(=O)N(C)C(CN1CCOCC1)c1ccc(-c2ccccc2)cc1)c1ccc(Cl)c(Cl)c1,16,train,train
C[C@@]1(c2cc(NC(=O)c3ncc(Cl)cc3Cl)ccc2F)CCOC(N)=N1,0.9,train,train
Fc1ccc(Cn2c(N3CCC(n4cccn4)CC3)nc3ccccc32)cc1,1.48,train,train
CN(C(=O)[C@H]1Cc2ccccc2O1)[C@H](CN1CC[C@H](O)C1)c1ccccc1,0.25,train,test
CN(C(=O)[C@@H]1Cc2ccccc2O1)[C@H](CN1CC[C@H](O)C1)c1ccccc1,0.76,test,test
COC(=O)Nc1ccc2c(c1)C[C@H](C(=O)N(C)[C@H](CN1CC[C@H](O)C1)c1ccccc1)O2,4.2,train,train
COC(=O)Nc1ccc2c(c1)C[C@@H](C(=O)N(C)[C@H](CN1CC[C@H](O)C1)c1ccccc1)O2,4.8,test,train
Cc1cc2c(OCC(CNC(C)(C)C)OC(=O)c3ccccc3)cccc2[nH]1,5.4764,train,test
COc1cc(-c2ccnc(C)c2)ccc1NS(=O)(=O)c1cc(C(F)(F)F)cc(C(F)(F)F)c1,1.9,test,train
O=C1COc2ccc(CN3c4ccccc4COc4cc(F)ccc43)cc2N1,16.38,train,test
NC(=O)c1cc2cc(C3(Cc4ccccc4)CCNC3)ccc2[nH]1,4.1,train,train
CC(C)c1nc(C(=O)NC[C@@H]2[C@H]3CN(CC4CCOCC4)C[C@@H]23)c2ccccn12,90.2,train,train
C[C@@H](O[C@H]1CN2C(=O)C=C(C3=CCN(C(C)(C)C)CC3)CC2[C@@H]1c1ccc(F)cc1)c1cc(C(F)(F)F)cc(C(F)(F)F)c1,35.7,train,test
CC(c1ccccn1)c1c(CCN(C)C)sc2ccccc12,6.9,train,test
C[C@@H](c1ccccn1)c1c(CCN(C)C)sc2ccccc12,28,train,test
Cc1nsc(-c2nnc3n2CCN(C(=O)c2ccc(-c4cccs4)cc2)[C@@H]3C)n1,39,test,train
CC(C)N1CCC[C@H](Cn2cnc3ccc(Oc4ccc(F)cc4)cc3c2=O)C1,21,test,train
CC(C)N1CCC[C@H](Cn2cnc3ccc(-c4ccc(Cl)cc4)cc3c2=O)C1,0.2,train,train
Cc1nc2ccc(-c3ccc(Cl)cc3)cc2c(=O)n1C[C@H]1CCCN(C(C)C)C1,9.6,train,test
COc1cccnc1[C@H](C)c1c(CCN(C)C)sc2ccccc12,9.5,train,train
CC(=O)Nc1cccc(O[C@H]2c3ccccc3C[C@@H]2N2CCCC2)c1,0.64,test,test
Cc1cnc(C(=O)N2C[C@H](C(=O)N(C)Cc3cc(C(F)(F)F)cc(C(F)(F)F)c3)[C@@H](c3ccc(F)cc3C)C2)cn1,73,train,train
Cc1c(CN(C2CCOCC2)[C@H]2CCNC2)cccc1C(F)(F)F,5.5,train,train
CNS(=O)(=O)c1ccc2c(c1)CCC(C(=O)N(C)[C@H](CN1CC[C@H](O)C1)c1ccccc1)O2,0.32,train,train
CN(C(=O)CC(=O)Nc1ccc(NS(C)(=O)=O)cc1)[C@H](CN1CC[C@H](O)C1)c1ccccc1,10,train,test
CC(C)(C)CCC1(C(=O)c2cc(F)c3[nH]ccc3c2)CCNC1,0.6,test,test
CC(C)(C)CCC1(C(=O)c2ccc(Cl)c(Cl)c2)CCNC1,8.75,test,train
c1cc(OCCCN2CCC(Cc3c[nH]cn3)CC2)cc(OC2CCCCC2)c1,2,train,train
CC(=O)N(CC(=O)N(C)[C@H](CN1CC[C@H](O)C1)c1ccccc1)c1ccccc1,0.3,train,test
CN(C(=O)CNc1ccc(C(F)(F)F)cc1)[C@H](CN1CC[C@H](O)C1)c1ccccc1,0.19,train,train
CCc1ccc(-c2ccc(C(=O)N(C)[C@H]3CCN(C(=O)N4CC[C@@H](N[C@@H](C)COC)C4)C3)cc2)cc1,25.11886,test,train
CC(=O)c1sc(NC(=O)N[C@@H]2CCN(CCO)C[C@H]2CN2CCC[C@@H](Cc3ccc(F)cc3)C2)nc1C,23,train,train
CC(=O)c1sc(NC(=O)N[C@@H]2CCN(Cc3ccco3)C[C@H]2CN2CCC[C@@H](Cc3ccc(F)cc3)C2)nc1C,0.78,test,train
Cn1c(-c2ccc(-c3cnccn3)cc2)nnc1C1(c2ccc(Cl)cc2)CCC1,16,train,train
Cc1cccc2nc(NC(=O)c3cccc(C(F)(F)F)c3)n([C@@H]3CCCCN(C(=O)/C=C/CN(C)C)C3)c12,16.7,train,train
Cc1ncoc1-c1nnc(SCCCN2CC[C@]3(C[C@H]3c3ccc(C(F)(F)F)cc3)C2)n1C,1.3,train,train
CCCCN1C(=O)C(CC(C)C)NC(=O)C12CCN(Cc1ccc(Oc3ccccc3)cc1)CC2,4.6,train,train
CC(C)c1ccc(S(=O)(=O)n2cc(N3CCN(C)CC3)c3ccccc32)cc1,39.2,test,train
N#Cc1cc(F)c(Cl)cc1O[C@H](CCN)c1ccccc1,0.34,train,train
C[C@H](Nc1ccc(-c2ccnn2C)nc1)C(=O)Nc1ccc(-c2cccnc2)cn1,8,test,train
Cc1cc(CCCOc2c(C)cc(-c3noc(C(F)(F)F)n3)cc2C)on1,1.25893,train,test
NCC#Cc1cnccc1-c1ccoc1,4.6,train,test
Cc1nnc2sc(C(=O)NCc3ccc(S(=O)(=O)C(F)F)cc3)c(N)c2c1C,20.8,train,train
CCc1ncnc2cc(OC)c(OCC(O)CNC(C)(C)Cc3cc4ccccc4[nH]3)cc12,0.07,train,test
CSc1ccccc1CNc1ncc([N+](=O)[O-])c(NCC2CCC(CN)CC2)n1,4.7,train,train
CCCC1CNCCN1c1ccc2[nH]ncc2c1,0.58,train,train
O=C(O)c1ccccc1Oc1ncc(Cl)cc1NS(=O)(=O)c1ccc(Cl)c(Cl)c1,100,train,train
CC(C)(C)CCC1(C(=O)c2cc3ccccc3[nH]2)CCNC1,23,train,train
Cc1nnc2sc(C(=O)NC3CN(c4cccc(F)c4F)C3)c(N)c2c1C,14,train,test
Cc1cc(/C=C/C(=O)/C=C/c2cc(C)c(O)c(C)c2)cc(C)c1O,13.2,test,train
O=C(/C=C/c1ccc(O)cc1)/C=C/c1ccc(O)cc1,100,test,train
CN1CCCC(c2nc3ccccc3n2Cc2ccc(F)cc2)C1,2.5,train,train
OCCN1CCCC(c2nc3ccccc3n2Cc2ccc(F)cc2)C1,4.4,train,train
Cc1ccc(Cn2c([C@H]3CNCCO3)nc3ccccc32)cc1,28.3,train,train
Cc1ccc(Cn2c(C3CNCCO3)nc3ccccc32)cc1C,5.35,train,train
Cc1ccc(Cn2c(C3CNCCS3)nc3ccccc32)cc1,3.65,train,train
COc1ccc(Cn2c([C@H]3CNCCS3)nc3ccccc32)cc1,3.3,train,train
Clc1ccccc1CN1CCc2sccc2C1,5.5464,test,train
CN(C)CCN(Cc1cccs1)c1ccccn1,2.7564,train,train
CC(C)OC(=O)c1ccc(NC(=O)N[C@@H](Cc2ccc(O)cc2)C(=O)N[C@H]2CCC[N+](C)(Cc3cccc(O)c3)C2)cc1,3.98107,train,train
CC(=O)Nc1ccc(Cn2nc(-c3nc(CNC(=O)OC(C)(C)C)no3)c3ccccc32)cc1,13,train,test
O=C(N[C@@H]1C[C@H]2CC[C@@H](C1)N2Cc1ccc2cc(F)ccc2c1)c1ccccc1-c1cccnc1,1.6,train,train
Cc1ncn(-c2cc(Cl)c(C(=O)NC[C@@H](c3cccc(F)c3)c3ccc4[nH]c(C)nc4c3)c(Cl)c2)n1,31.65,train,train
C[C@@H]1CN(c2ccc(C#N)cc2)CCN1c1nc(-c2ccncn2)cc(=O)n1C,24,train,train
CCCN(C)CCC1=C(Cc2cnccn2)c2ccccc2C1,0.973,train,train
CN(CCF)CCC1=C(Cc2cnccn2)c2ccccc2C1,3.093,train,train
Cn1c(N2CCOC(c3ccc(F)cc3)C2)nc(-c2ccncc2)cc1=O,35.8,train,test
COc1ncnc(N2Cc3cn(-c4cccc(S(C)(=O)=O)c4)nc3[C@H]2C(C)C)c1F,27,train,train
Cc1cn2c(-c3cn[nH]c3)cnc2c(Nc2cc(C(NC(C)(C)C)c3ccccn3)ns2)n1,11.5,train,train
Cc1cccc(C)c1CNc1nc(N2CCNC2=O)cc2c(C)c(C)[nH]c12,0.7,train,train
C[C@@H](c1ncccc1F)c1c(CCN(C)C)sc2ccccc12,4,train,train
FC1CN(CCC2=C(Cc3cnccn3)c3ccccc3C2)C1,6.466,train,train
FC1CCN(CCC2=C(Cc3cnccn3)c3ccccc3C2)C1,4.293,train,test
C[C@H](C1=C(CCN(C)Cc2ccco2)Cc2ccccc21)c1cnccn1,4.363,train,train
C[C@H](C1=C(CCN(C)CC2CCOCC2)Cc2ccccc21)c1cnccn1,9.373,train,train
C[C@H](c1ccccn1)c1c(CCN(C)C)sc2ccccc12,3.3,train,train
Clc1cccc(Sc2ccccc2N2CCNCC2)c1Cl,0.5,train,train
CN(C)CCC1=C(Cc2cnccn2)c2ccc(F)cc2C1,15,train,train
N=C(N)NC(=O)c1ccc(C2CCN(C(=O)c3ccc(C(N)=O)cc3)CC2)c(C(F)(F)F)c1,12,test,train
N=C(N)NC(=O)c1ccc(C2CCN(C(=O)c3ccccn3)CC2)c(C(F)(F)F)c1,27,train,test
C[C@@H]1CN(c2ccccc2F)CCN1c1nc(-c2ccncn2)cc(=O)n1C,19,train,train
CCCC1(C(=O)c2ccc(Cl)c(Cl)c2)CCCN1,4,train,train
FC(F)(F)c1ccc(SCC(c2c[nH]cn2)C2CCNCC2)cc1,9.5,train,train
Cc1nnc(C)n1-c1ccc(O[C@H]2c3ccccc3C[C@@H]2N2CCCC2)c(Cl)c1,0.73,train,test
CC(=O)Nc1cccc(O[C@H]2c3ccccc3C[C@@H]2N2CCC[C@@H](N)C2)c1,5.1,train,train
CN[C@H]1CCc2ccccc2[C@@H]1c1ccc(Cl)c(Cl)c1,0.008,train,train
O=C(Nc1cnccn1)N1CCC(=Cc2cccc(Oc3ccc(C(F)(F)F)cn3)c2)CC1,25.1,train,test
Cc1ncoc1-c1nnc(SCCCN2CC3CC3(c3cccc(S(F)(F)(F)(F)F)c3)C2)n1C,5,test,train
CC(=O)c1sc(NC(=O)N[C@@H]2CN(CCO)CC[C@H]2CN2CCC[C@@H](Cc3ccc(F)cc3)C2)nc1C,12,train,train
COCC(=O)N1CC[C@@H](NC(=O)Nc2nc(C)c(C(C)=O)s2)[C@H](CN2CCC[C@@H](Cc3ccc(F)cc3)C2)C1,1.2,train,train
CCC(=O)N1CC[C@@H](NC(=O)Nc2nc(C)c(C(C)=O)s2)[C@H](CN2CCC[C@@H](Cc3ccc(F)cc3)C2)C1,0.14,train,train
COC(=O)N1CC[C@@H](NC(=O)Nc2nc(C)c(C(C)=O)s2)[C@H](CN2CCC[C@@H](Cc3ccc(F)cc3)C2)C1,0.01,train,train
CC(=O)c1sc(NC(=O)N[C@@H]2CN(C(=O)OC(C)(C)C)C[C@H]2CN2CCC[C@@H](Cc3ccc(F)cc3)C2)nc1C,0.8,train,train
CC(=O)c1sc(NC(=O)N[C@@H]2CCN(C(=O)C3CCOCC3)C[C@H]2CN2CCC[C@@H](Cc3ccc(F)cc3)C2)nc1C,1.2,train,train
CCN(CC)C(=O)c1ccc(C2=CC3(CCNC3)Oc3ccccc32)cc1,2.4,train,train
Cc1nc2c(OCc3ccccc3)cccn2c1CC#N,82,train,train
O=C(NCC1CCOCC1)c1cnc(Nc2ccc(Cl)cc2Cl)cc1C1CC1,55,test,train
CCc1cc(NC(=O)N[C@H](C)C[C@@H](O)N2CCC[C@@H](Cc3ccc(F)cc3)C2)cc(-c2nnnn2C)c1,2.5,train,train
C[C@H](CCN1CCC[C@@H](Cc2ccc(F)cc2)C1)NC(=O)Nc1cc(-c2nnnn2C)cc(C(C)(C)C(=O)O)c1,17,train,test
Cn1ccc2c(Nc3cccc(Cl)c3)ncc(C(=O)N3CCOCC3)c21,21,train,train
C[C@@H](NC(=O)Nc1cccc(-c2nnnn2C)c1)[C@@H](O)CN1CCC[C@@H](Cc2ccc(F)cc2)C1,2.6,train,train
N[C@@H]1CCN(c2ccc(Cl)c(Cl)c2)c2ccccc21,4.87,train,train
CN1CCN(c2cn(S(=O)(=O)c3ccc(F)cc3)c3ccc(Br)cc23)CC1,28.8,test,train
c1cc2[nH]ncc2cc1N1CCNCC1CC1CCCCC1,1.05,train,train
CCC[C@H]1CNCCN1c1ccc2[nH]ncc2c1,0.35,train,train
Cc1nccn1-c1ccc(-c2cn(CC(=O)Nc3cccc(Cl)c3Cl)nn2)cc1,9.4,train,train
C[C@@H](O[C@H]1CN2C(=O)[C@H]3C[C@@](C)(O)C[C@H]3[C@H]2[C@@H]1c1ccc(F)cc1)c1cc(C(F)(F)F)cc(C(F)(F)F)c1,17.38,train,train
NC/C=C\CN(C[C@H]1Cc2ccccc2CN1)[C@H]1CCCc2cccnc21,0.33,train,train
CC(C)(C)CCC1(C(=O)c2ccc(N)c(Cl)c2)CCNC1,4,test,test
Cc1cccc2nc(C(=O)C3(CCC(C)(C)C)CCNC3)ccc12,9,train,test
CC(C)CC1(C(=O)c2ccc3[nH]ncc3c2)CCCN1,6,train,train
O=C(C1CCN(Cc2ccncc2)CC1)N1CCC(n2c(=O)n(CCN3CCCCC3)c3ccccc32)CC1,3.7,train,train
CC(C)(C)c1ccc(SCC(c2ccccn2)c2c[nH]cn2)cc1,0.82,train,train
FC(F)(F)c1ccc(SCC(c2ccncc2)c2c[nH]cn2)cc1,4.3,test,test
CN(C[C@@H]1CCCN1C(=O)C[C@H](N)Cc1cc(F)c(F)cc1F)S(=O)(=O)C(F)(F)F,1.3,train,train
COc1ccc(Cn2c(N3CCC(N(C)CC4CCOCC4)CC3)nc3ccccc32)cc1,8.185,train,train
OC(CC1c2c(Cl)cccc2-c2cncn21)C1CCCCC1,88,train,train
OC(CC1c2c(F)cccc2-c2cncn21)C1CCC(F)(F)CC1,20,train,train
O=C1CCC(C(O)CC2c3c(F)cccc3-c3cncn32)CC1,95,test,train
O[C@@H](C[C@H]1c2c(F)cccc2-c2cncn21)[C@H]1CC[C@H](O)CC1,94,train,train
COc1cc(C(F)(F)F)cc(SC)c1C(=O)N[C@@]1(c2ccccc2)CCCN(C)C1,16,train,train
CN(C(=O)CN(CC#N)c1ccc(Cl)c(Cl)c1)C(CN1CCCC1)c1ccc(-c2cccc(C(N)=O)c2)cc1,3.5,test,train
CNC(=O)c1cccc(-c2ccc(C(CN3CCOCC3)N(C)C(=O)Cn3c(=O)cnc4cc(C)c(C)cc43)cc2)c1,33,train,train
CN(CC(=O)N(C)C(CN1CCCC1)c1ccc(-c2ccccc2)cc1)c1ccc(Cl)c(Cl)c1,5.9,test,train
O=C(Nc1ccc2cnn(S(=O)(=O)c3cccc4ccccc34)c2c1)C1CCCNC1,100,test,train
CNC[C@]1(OC)Cc2ccccc2[C@@H]1Oc1ccccc1C,5,train,test
COc1ccc(S(=O)(=O)n2nc(-c3nc(CN)no3)c3ccccc32)cc1OC,2.9,train,train
COc1ccc(C2=NC(c3ccc(Cl)cc3F)C(C(=O)Nc3ccc4[nH]ncc4c3)=C(C)N2)cn1,1.2,train,train
CC1=C(C(=O)Nc2cc3cn[nH]c3cc2F)C(c2ccc(Cl)cc2F)N=C(c2ccnc(Cl)c2)N1,5.2,test,train
O=C(N[C@@H]1C[C@H]2CC[C@@H](C1)N2Cc1ccc2cc(F)ccc2c1)c1ncccc1C(=O)N1CCCCC1,23.5,train,train
CCC(C)C(C(=O)OCC[N+](C)(CC)CC)c1ccccc1,0.2485,train,train
COCC1CNCCN1c1ccc2[nH]ncc2c1,4,train,train
N[C@H]1C[C@@H](N2Cc3nn4nccnc4c3C2)CO[C@@H]1c1cc(F)ccc1F,44,train,train
Cc1cccc(C(CCCN)(c2ccccc2)c2ccccc2)c1,8.5,train,train
COC(=O)[C@@H]1[C@H]2C[C@H]3c4[nH]c5ccccc5c4CCN3C[C@@H]2CC[C@@H]1O,2.0317,train,train
CCCCCCc1nc2cc(/C=C/C(=O)NO)ccc2n1CCN(C)C,3.17,train,train
C[C@H](C1=C(CCN(C)CCF)Cc2ccccc21)c1cnccn1,2.605,train,train
CN(C)Cc1ccc(/C=C/c2n[nH]c3cc([C@@H]4C[C@@]45C(=O)Nc4ccccc45)ccc23)cc1,3.1,train,train
Cc1ncoc1-c1nnc(SCCCN2CC[C@@]3(C[C@H]3c3ccc(F)cc3F)C2)n1C,1.2,train,train
O=C(N[C@@H]1C[C@H]2CC[C@@H](C1)N2Cc1ccc2cc(F)ccc2c1)c1cc[n+]([O-])cc1C(=O)N1CCCCC1,29,train,train
COc1ccc(/C=C/C(=O)c2cccnc2)cc1OC,1.1,train,train
O=C(/C=C/c1ccc2ccccc2c1)c1cccnc1,10,test,train
CN(C)c1ccc(/C=C/C(=O)c2ccc[nH]2)cc1,13,test,train
O=C(/C=C/c1ccc(OC(F)(F)F)cc1)c1ccc[nH]1,16,test,train
CCN1CCN(c2nc(C)nc3sc(-c4ccccc4)cc23)CC1,3,train,train
COC(=O)C(C)(C)C(c1ccc(Nc2ccc3ccccc3c2)cc1)n1cncn1,1.8,train,train
CCc1ccncc1C#CCN,6.6,train,train
CCCc1ccncc1C#CCN,2.8,train,train
COc1ccncc1-c1ccc(CN)o1,12,train,train
CC(=O)c1cccc(NC(=O)N[C@@H]2CCCC[C@H]2CN2CCC[C@@H](Cc3ccc(F)cc3)C2)c1,0.04,test,train
COCCN1CC=CC[C@H](c2ccc(Cl)c(Cl)c2)C1,3.9,train,test
C1=CCC(c2ccc3ccccc3c2)CNC1,6.6,train,train
CN1CC=CC[C@H](c2ccc(Cl)c(Cl)c2)C1,7.6,train,train
O=C(Cc1ccc(-n2nc(C(F)(F)F)c3c2CCCC3)cc1)NC1CCCC1,8,test,train
Cc1ccc2c(c1)CC(CCN(C)C)=C2[C@@H](C)c1cnccn1,22,train,train
Cc1nccn1-c1cccnc1,100,train,train
CN1C[C@H]2C[C@@H](N(Cc3cccc(OC(F)(F)F)c3)C(=O)c3cn(C)cn3)C[C@H]2C1,7.1,test,train
Cc1cc(Cl)cc2c(-c3ccccc3)c(C(=O)O)c(N3CCCCC3)nc12,42,train,train
COC(=O)C(C)(C)C(c1ccc(Nc2ccc3ccccc3c2)cc1)n1ccnc1,0.6,train,train
C(=C/CN(C[C@H]1Cc2ccccc2CN1)[C@H]1CCCc2cccnc21)\CNC1CCOCC1,2.61,train,train
CC(C)(CCN(C[C@H]1Cc2ccccc2CN1)[C@H]1CCCc2cccnc21)CNC1CCC(F)(F)CC1,2.04,train,train
CC1(C)CCC(NCC(C)(C)CCN(C[C@H]2Cc3ccccc3CN2)[C@H]2CCCc3cccnc32)CC1,2.22,train,train
CC/C(=C(\c1ccccc1)c1ccc(OCCN(C)C)cc1)c1ccccc1,13.7,test,test
NC(=O)N1CCN(CCCN(C[C@H]2Cc3ccccc3CN2)[C@H]2CCCc3cccnc32)CC1,4.14,train,train
CC(C)C(=O)N(Cc1cccc(Cl)c1Cl)[C@H]1CCNC1,27.1,test,train
CC(C)(C)c1ccc(SCCc2c[nH]cn2)cc1,0.68,train,train
CN1CCN(Cc2ccc(C(c3nnnn3Cc3ccccc3)N3CCCN(C4CCC4)CC3)cc2)CC1,1.7,train,train
CCCC1(C(=O)c2ccc(N)c(Cl)c2)CCCN1,7,train,train
OC(CC1c2ccccc2-c2cncn21)C1CCCCC1,2.2,train,train
NC(=O)[C@]12CC3CC(C1)[C@@H](OC(=O)N1CC[C@@H](Nc4cccc(C(F)(F)F)n4)C1)C(C3)C2,5.9,train,train
CCOC(=O)CCc1ccc(OC[C@H](O)CNC(C)(C)Cc2ccc3ccccc3c2)c(C#N)c1,0.003,test,train
Cc1csc(N(C)C(=O)CSc2ccc(-c3ccccc3)nn2)n1,24,train,train
COc1cc(/C=C/C(=O)/C=C(O)/C=C/c2ccc(O)c(OC)c2)ccc1O,50.3,train,test
COCCCN1CCN([C@H]2CC[C@H](n3nc(-c4ccc5nc(Cc6ccccc6OC)[nH]c5c4)c4c(N)ncnc43)CC2)CC1,1.6,train,train
O=C(NC1CC2CCC(C1)N2Cc1ccc2cc(F)ccc2c1)c1cc[n+]([O-])cc1C(=O)N1CCCCC1,29,train,train
Nc1nc(N)c2nc(-c3ccccc3)c(N)nc2n1,10,train,train
COc1ccc(C2=NC(c3ccc(Cl)cc3F)C(C(=O)Nc3ccc4[nH]ncc4c3)=C(C)N2)cc1,0.2,train,train
CC(C)N1CCC(Oc2ccc3c(c2)cc(C(=O)N2CCC(F)(F)CC2)n3C(C)C)CC1,5,train,train
CC(C)N1CCC(Oc2ccc3c(c2)cc2n3CCN(C)C2=O)CC1,15,train,train
CNC(=O)c1cc2cc(C3(Cc4ccccc4)CCNC3)ccc2[nH]1,4.8,train,train
c1ccc(CC2(c3ccc4cc[nH]c4c3)CCNC2)cc1,1.25,train,train
C[C@@H]1CN(c2ccccc2C#N)CCN1c1nc(-c2ccncn2)cc(=O)n1C,27,train,train
COc1cccc2c1[C@@H](c1ccccc1)N(C(=O)CNC[C@@H](C)O)CC2,17.9,test,test
CC1(c2ccc3[nH]ccc3c2)CCNC1,8.7,train,train
COc1cccc(CC2(c3ccc4[nH]ccc4c3)CCNC2)c1,0.1,train,train
c1ccc(CC2(c3ccc4[nH]ncc4c3)CCNC2)cc1,0.4,train,train
COCCN(C)C1CCN(c2nc3ccccc3n2Cc2ccc(F)cc2)CC1,4.444,train,train
Cn1c(N2CCOC(C3CCC3)C2)nc(-c2ccncc2F)cc1=O,37.7,train,train
O=S(=O)(c1ccc2[nH]c(SCc3cccc(Cl)c3)nc2c1)N1CCOCC1,11,test,train
c1ccc(Cn2ccnc2)cc1,2,train,train
CCN(CC)CCOc1ccc(/C(=C(/Cl)c2ccccc2)c2ccccc2)cc1,10,test,test
Cn1c(=O)c2[nH]c(Cl)nc2n(C)c1=O,1.509,train,train
CCn1cnc(-c2cccnc2)c1,100,train,train
C[C@@H]1CN(c2ccccn2)CCN1c1nc(-c2ccncn2)cc(=O)n1C,40,train,train
c1ccc(-c2nc3c(CN4CCCCC4)cccc3[nH]2)cc1,5,train,train
CCS(=O)(=O)c1ccc2[nH]c(-c3ccc(F)c(-c4ccccc4)c3)nc2c1,16,train,train
CCS(=O)(=O)c1ccc2[nH]c(-c3cc(-c4ccccc4)ccc3C)nc2c1,14,train,train
O=c1c2ccccc2c(Cc2ccc(Cl)cc2)nn1C[C@H]1CCCN1CCCCc1ccc(OCCCN2CCCCCC2)cc1,0.04,train,test
Cc1nccn1-c1ccc(OCC(=O)Nc2ccc(-c3ccccc3)cc2)cc1,1.9,train,test
CN(C(=O)[C@H]1CCc2ccccc2O1)[C@H](CN1CC[C@H](O)C1)c1ccccc1,0.15,train,train
CN(C)CCCn1nc(-c2cnc3[nH]cc(C(=O)NC(C)(C)CO)c3n2)c2cc(OC(F)F)ccc21,48,train,train
COC(=O)N[C@H](C(=O)N1CCC[C@H]1c1ncc(-c2ccc(-c3ccc(C(F)(F)F)cc3)cc2)[nH]1)C(C)C,62.1,train,train
CC(C)(C)NC(=O)c1c[nH]c2ncc(-c3nn(CCCS(C)(=O)=O)c4ccc(OC(F)F)cc34)nc12,11,train,train
CN(C(=O)N1CC[C@H](n2cnc3cc(-c4ccc(Cl)cc4)sc3c2=O)C1)[C@H]1CCN(C2CCC(C)(C)CC2)C1,3.4,train,train
CN(C)c1ccc(-c2nc3c(N4CCN(CC(=O)Nc5nccs5)CC4)c(Cl)cnc3[nH]2)cc1,10,test,train
Cc1nc2n(c(=O)c1CCN1CCC(c3noc4cc(F)ccc34)CC1)CCCC2,5.2734,train,train
CC1=C(C(=O)Nc2ccc3[nH]ncc3c2)C(c2ccc(Cl)cc2F)N=C(c2ccnc(Cl)c2)N1,5.7,test,train
Clc1ccc(C23CNCC2C3)cc1Cl,7,train,train
Cc1ccccc1OCC(O)CNC(C)(C)Cc1cc2ccccc2n1C,0.09,train,train
Cc1ccc(Cn2c(N3CCC(N(C)C)CC3)nc3ccccc32)cc1,7.21,train,train
O=C(c1ccccc1Oc1ccccc1)N(CC1CCC1)[C@H]1CCNC1,0.065,train,train
O=C(c1ccccc1Oc1ccccc1)N(c1ccccc1)[C@H]1CCNC1,5.54,train,train
Cc1ccc(-c2ccc(C(=O)N(C)[C@H]3CCN(C(=O)N4CC[C@@H](NC5CCC(C)(C)CC5)C4)C3)s2)cc1,3.5,train,train
CCc1nc(N)nc(N)c1-c1ccc2c(c1)N(CCCC#N)C(=O)C(C)(c1cc(F)cc(F)c1)O2,27.9,train,test
CCc1nc(N)nc(N)c1-c1ccc2c(c1)N(CCCOC)C(=O)C(CC)(CC)O2,12,train,test
CCc1nc(N)nc(N)c1-c1ccc2c(c1)N(CCCOC)C(=O)C(C)(CC)O2,8.2,train,train
CN(C(=O)[C@@H]1Cc2cc(NS(C)(=O)=O)ccc2O1)[C@H](CN1CC[C@H](O)C1)c1ccccc1,4.5,test,train
CN(C(=O)[C@@H]1Cc2cccc(NS(C)(=O)=O)c2O1)[C@H](CN1CC[C@H](O)C1)c1ccccc1,1.2,test,train
NCc1noc(-c2nn(CCc3ccccc3)c3ccccc23)n1,1.32,train,train
CC(C)N[C@@H](C)C(O)COc1cccc2ccccc12,3.8,test,train
COc1nccnc1CC1=C(CCN(C)C)Cc2cc(Cl)ccc21,0.69,train,train
CN(C)CCC1=C(Cc2cccnn2)c2ccc(F)cc2C1,12,train,test
Cc1cc(N2CCOc3ncnc(N)c3C2=O)cc(C)c1C#CC(C)(C)CC(=O)O,27.2,train,train
O=C(c1ccc(OCCCN2CCC(Cc3c[nH]cn3)CC2)nc1)N1CCCCC1,2,train,train
c1nc(CC2CCN(CCCOc3ccc(CN4CCCCC4)nc3)CC2)c[nH]1,3,train,train
c1cnc2ccc(OCCCN3CCC(Cc4c[nH]cn4)CC3)cc2c1,2,train,train
CN(C(=O)CNc1cccc(C#N)c1)[C@H](CN1CC[C@H](O)C1)c1ccccc1,3,train,train
Clc1ccc(COC(Cn2ccnc2)c2ccc(Cl)cc2Cl)c(Cl)c1,1,test,train
O=C(Cn1c(=O)oc2ccc(Cl)cc21)N1CCCC(c2ccccc2)C1CN1CCOCC1,3.5,train,train
CCOc1ccccc1C[C@H](c1ccccc1)N1CCNCC1,30,train,train
O=C(N[C@H]1CN2CCC1CC2)c1ccc2occc2c1,3.6,train,train
COc1cc2nccc(Oc3ccc4c(C(=O)Nc5cccnc5)cccc4c3)c2cc1OC,17,train,train
CC(C)c1nc(CN(C)C(=O)N[C@@H](Cc2cn(C)cn2)C(=O)N[C@H](CC[C@H](Cc2ccccc2)NC(=O)OCc2cncs2)Cc2ccccc2)cs1,0.6,test,train
CC(C)c1nc(CN(C)C(=O)N[C@H](CCN2CCOCC2)C(=O)N[C@H](CC[C@H](Cc2ccccc2)NC(=O)OCc2cncs2)Cc2ccccc2)cs1,3.1,train,test
CC(C)c1nc(CN(C)C(=O)N[C@@H](CCN)C(=O)N[C@H](CC[C@H](Cc2ccccc2)NC(=O)OCc2cncs2)Cc2ccccc2)cs1,0.8,train,train
CCN(CC)Cc1cc(Nc2ccnc3cc(Cl)ccc23)ccc1O,6.1,train,train
O=C(c1ccc(F)cc1)N1CCn2c(nnc2-c2ccccn2)C1,15,test,test
C[C@@H]1c2nnc(-c3csc(-c4ccccc4)n3)n2CCN1C(=O)c1ccc(F)cc1,54,train,train
CC(C)c1nc(-c2nnc3n2CCN(C(=O)c2ccc(-c4cccs4)cc2)[C@@H]3C)cs1,27,train,train
N#Cc1csc(NC(=O)C2c3ccccc3Oc3ccccc32)n1,10.3,train,train
O=C(NCCc1ccc(CN2CCCC2)cc1)c1ccc(-c2ccc(Cl)cc2)cc1,0.5,train,train
CC(=O)NC1CCN(Cc2ccc(CCNC(=O)c3ccc(-c4ccc(F)cc4)cc3)cc2)CC1,6.5,train,test
c1ccc(Cn2nnnc2C(c2ccc(-n3cncn3)cc2)N2CCCN(C3CCC3)CC2)cc1,0.7,train,test
C[C@H](C1=C(CCN(C)Cc2ccncc2)Cc2ccccc21)c1cnccn1,7.957,test,train
C[C@H](O)CNCC(=O)N1CCc2ccccc2C1C1CCCCC1,1.6,train,train
CC(C)c1ccc2c(c1)C(C1CCCCC1)N(C(=O)CNC[C@@H](C)O)CC2,1.9,train,train
CS(=O)(=O)N(c1ccccc1)c1cc(C(=O)N[C@@H](Cc2ccccc2)[C@H](O)CNCc2cccc(C(F)(F)F)c2)cc(C2CCCC2)c1,3.7,train,train
Cc1ncoc1-c1nnc(SCCCN2CC3CC3(c3ccc(S(F)(F)(F)(F)F)cc3)C2)n1C,8,test,test
Cn1c(N2CCO[C@@H](c3ccc(C#N)cc3F)C2)nc(-c2ccncn2)cc1=O,26.7,train,test
COc1cc(F)ccc1[C@H]1CN(c2nc(-c3ccncn3)cc(=O)n2C)CCO1,18,train,train
O=C(c1ccc(F)c(O)c1)c1nc2ccc(O)cc2s1,54,train,train
Cc1c(Cc2ccc(=O)n(Cc3ccc(F)cc3F)n2)c2cc(F)ccc2n1CC(=O)O,16,test,train
CN(C)CCCN1c2ccccc2Sc2ccccc21,0.3,test,train
CNCC[C@@H](Oc1cc(OC)ccc1C#N)c1ccccc1,0.3,train,train
C[C@@H]1CN[C@@H](C2CC2)C(=O)N(C)[C@H](C)C(=O)N[C@H](Cc2ccc(F)cc2)C(=O)NCCCc2ccccc2O1,84,train,train
COC(=O)C1=C(C)NC(C)=C(C(=O)OC(C)C)C1c1cccc2nonc12,4.79,train,train
O=C(C1CCC(F)(F)CC1)N1CC(c2nc(-c3cccc(Cl)c3)no2)C1,100,train,train
COc1ccc(Cn2c(=O)n(C3CCN(C(=O)C4CCN(Cc5ccncc5)CC4)CC3)c3ccccc32)cc1,20,test,test
Cc1ccc(C2CC=CCNC2)cc1Cl,5.6,train,train
Clc1ccc(C2CC=CCNC2)cc1Cl,5.1,train,test
COc1cnc(C(=O)Nc2ccc(F)c([C@@]3(C)N=C(N)CO[C@@H]3F)c2)cn1,0.6,train,train
O=C(CN1CCCC2=C1C(=O)N(C1CC1)C2=O)Nc1ccc(-c2cccnc2)nn1,8.4,train,train
O=C(NCc1ccncc1)c1nc(CS(=O)(=O)c2ccccc2)no1,9.4,train,train
COc1cc(N)[nH]c2nc(-c3ccc(F)cc3)c(-c3ccncc3)c1-2,0.2,test,test
CCC(NCCCC[C@@H](C[C@@H](OC)c1ccc(F)cc1)C(=O)NO)c1ccc(F)cc1,0.16,train,train
CC(=O)c1sc(NC(=O)N[C@@H]2CN(C3CCN(C(C)=O)CC3)CC[C@H]2CN2CCC[C@@H](Cc3ccc(F)cc3)C2)nc1C,1.1,train,train
CNC(=O)N1CC[C@@H](CN2CCC[C@@H](Cc3ccc(F)cc3)C2)[C@H](NC(=O)Nc2nc(C)c(C(C)=O)s2)C1,1.2,train,train
CC(=O)c1sc(NC(=O)N[C@@H]2CN(C(C)=O)CC[C@H]2CN2CCC[C@@H](Cc3ccc(F)cc3)C2)nc1C,1.3,train,train
CC(=O)c1sc(NC(=O)N[C@@H]2CCN(C)C[C@H]2CN2CCC[C@@H](Cc3ccc(F)cc3)C2)nc1C,2.2,train,test
CNC(=O)N1CC[C@@H](NC(=O)Nc2nc(C)c(C(C)=O)s2)[C@H](CN2CCC[C@@H](Cc3ccc(F)cc3)C2)C1,0.55,train,train
CCNC(=O)N1CC[C@@H](NC(=O)Nc2nc(C)c(C(C)=O)s2)[C@H](CN2CCC[C@@H](Cc3ccc(F)cc3)C2)C1,0.17,train,train
CC(=O)c1sc(NC(=O)N[C@@H]2CCN(C(C)=O)C[C@H]2CN2CCC[C@@H](Cc3ccc(F)cc3)C2)nc1C,1.4,train,train
CC(=O)c1sc(NC(=O)N[C@@H]2CCNC[C@H]2CN2CCC[C@@H](Cc3ccc(F)cc3)C2)nc1C,20,train,train
CC(=O)c1sc(NC(=O)N[C@@H]2CCOC[C@H]2CN2CCC[C@@H](Cc3ccc(F)cc3)C2)nc1C,0.49,train,train
CC(=O)c1cccc(NC(=O)N/C=C/CN2CCC[C@@H](Cc3ccc(F)cc3)C2)c1,0.68,test,train
O=c1[nH]nc(-c2c(N3CCCCC3)nc3ccc(Cl)cc3c2-c2ccccc2)o1,38,train,train
COc1ccc2c(c1)CC(CCN(C)C)=C2[C@@H](C)c1nccs1,5.6,train,train
O=C(Nc1ccc(Oc2ccc(F)cc2)cc1)[C@@H]1C[C@@H](Cc2ccc(F)cc2)CN1C(=O)Cn1ccnn1,20.325,test,test
CCSc1ccccc1C(=O)N(CC1CCC1)[C@H]1CCNC1,0.48,test,train
O=S(=O)(Nc1ccc(-c2cc[nH]n2)cc1)c1cc(Cl)cc(Cl)c1,11.8,train,test
CN(C[C@H]1Cc2c(cccc2N2CCN(C3CC3)CC2)CN1)[C@H]1CCCc2cccnc21,6.09,train,test
CCNc1cc(C(=O)N[C@@H](Cc2ccccc2)[C@H](O)CNCc2cccc(C(F)(F)F)c2)c(F)c(N2CCCCS2(=O)=O)c1,6.2,train,train
COc1ccc2cc(-c3cncc4ccccc34)ccc2c1,33.11,train,train
Cc1cc(C2CC=CCN(C)C2)ccc1Cl,18,train,train
Clc1ccc([C@@H]2CC=CCNC2)cc1Cl,3.1,test,train
Fc1cc(F)c(F)c(O[C@H](c2ccccc2)[C@@H]2CCNC2)c1F,3.98107,train,train
Fc1ccc(O[C@@H](c2ccccc2)[C@H]2CCNC2)c(Cl)c1,0.50119,train,train
Clc1cccc(O[C@@H](c2ccccc2)[C@H]2CCNC2)c1,0.25119,train,train
FC1(F)CCC(NC/C=C\CN(C[C@H]2Cc3ccccc3CN2)[C@H]2CCCc3cccnc32)CC1,0.54,train,train
NC[C@H]1CC[C@H](CN(C[C@H]2Cc3ccccc3CN2)[C@H]2CCCc3cccnc32)CC1,12,train,train
c1ccc(CC2(c3ccc4[nH]ccc4c3)CCNC2)nc1,3.5,test,test
Cn1c(=O)c2c(cc(N3CCC[C@@](C)(N)C3)n2Cc2cc(F)ccc2C#N)n(C)c1=O,38,test,train
CC(=O)N[C@H](C[C@@H](C)NC(=O)Nc1cccc(-c2nnnn2C)c1)N1CCC[C@@H](Cc2ccc(F)cc2)C1,3.8,train,train
Cc1cc(NC(=O)N[C@H](C)C[C@@H](O)N2CCC[C@@H](Cc3ccc(F)cc3)C2)cc(-c2nnnn2C)c1,3.5,train,train
CC(=O)c1cc(NC(=O)N[C@@H](C)CCN2CCC[C@@H](Cc3ccc(F)cc3)C2)cc(C(C)=O)c1,3.5,test,train
CCc1cc(NC(=O)NCCCN2CCC[C@@H](Cc3ccc(F)cc3)C2)cc(-c2nnnn2C)c1,1.3,train,train
Cn1nnnc1-c1cccc(NC(=O)NCCCN2CCC[C@@H](Cc3ccc(F)cc3)C2)c1,1.6,train,train
COc1cc([C@H]2c3cc(O)c(OC)cc3C[C@@H](CO)[C@@H]2CO)ccc1O,97.7,train,test
CC(C)(Cc1cc2ccccc2[nH]1)NCC(O)COc1ccc(C#N)cc1,0.12,train,test
CCCS(=O)(=O)N(Cc1ccccc1-c1ccccc1)[C@H]1CCNC1,0.185,train,train
O=C(OC(C(F)(F)F)C(F)(F)F)N1CCN(Cc2ccc(C(F)(F)F)cc2N2CCCC2)CC1,6.5,test,train
C[C@H](C1=C(CCN(C)C)Cc2ccccc21)c1cnccn1,50.5,train,train
Oc1cccc(-c2ccc(-c3ccc(O)c(F)c3)s2)c1,1.5,train,train
CN1CCN(C(=O)c2ccccc2C(=O)N[C@@H]2C[C@H]3CC[C@@H](C2)N3Cc2ccc3cc(F)ccc3c2)CC1,7.1,train,train
O=C(Cc1ccc(F)cc1)N1CCC(C(O)CC2c3ccccc3-c3cncn32)CC1,4.8,train,train
O[C@H](C[C@H]1c2c(F)cccc2-c2cncn21)[C@H]1CC[C@H](O)CC1,86,train,test
C#C[C@]1(O)CC[C@H]2[C@@H]3CCC4=Cc5oncc5C[C@]4(C)[C@H]3CC[C@@]21C,2.74,train,train
O=C(Cc1ccncc1)N1CCC(C(O)CC2c3ccccc3-c3cncn32)CC1,40,test,train
O[C@H](C[C@H]1c2c(F)cccc2-c2cncn21)[C@H]1CC[C@@H](O)CC1,38,train,train
CCN(CC)C(=O)c1ccc(C2=CC3(CCNCC3)Oc3ccccc32)o1,0.64,train,train
CNC[C@]1(O)Cc2ccccc2[C@@H]1Oc1ccc(F)cc1C,1.5,train,test
O=C([C@@H]1C[C@H]1c1ccc(C(F)(F)F)cc1)N1CCN(S(=O)(=O)c2cc(-c3nnc[nH]3)cc(C(F)(F)F)c2)CC1,11,train,train
CN(C(=O)CNc1ccccc1CNS(C)(=O)=O)[C@H](CN1CC[C@H](O)C1)c1ccccc1,1.5,train,test
CNc1nc(NC2CCC(C(=O)NCc3ccccc3C(F)(F)F)CC2)nc(N(C)CCN(C)C)n1,33,train,train
O=C(Nc1ccc(Oc2ccc(F)cc2)cc1)[C@@H]1C[C@@H](Cc2ccccc2)CN1C(=O)Cn1cncn1,0.392,train,train
Cn1c(-c2ccc(-c3cnccn3)cc2Cl)nnc1C1(c2ccc(Cl)cc2)CC(F)C1,25,train,train
CN(C/C=C/C#CC(C)(C)C)Cc1cccc2ccccc12,0.2,test,train
CN(C(=O)[C@H]1CCc2cc(CNS(C)(=O)=O)ccc2O1)[C@H](CN1CC[C@H](O)C1)c1ccccc1,3.9,train,train
CCCS(=O)(=O)NCc1ccc2c(c1)C[C@@H](C(=O)N(C)[C@H](CN1CC[C@H](O)C1)c1ccccc1)O2,5,test,train
CCN(CC(O)(CNC(=O)c1cnn(-c2ccc(F)cc2)c1N)C(F)(F)F)C(=O)c1c(Cl)cccc1Cl,89,train,train
Nc1c(C(=O)NCC(O)(CN(CCO)C(=O)c2c(F)cccc2F)C(F)(F)F)cnn1-c1ccc(F)cc1,100,train,train
NC(=O)c1nc(-c2cccc(-c3ccccc3OC(F)(F)F)c2)cs1,48,train,train
CCCS(=O)(=O)Nc1ccc2c(c1)CC[C@H](C(=O)N(C)[C@H](CN1CC[C@H](O)C1)c1ccccc1)O2,6.7,train,test
CC(=O)c1sc(NC(=O)N[C@@H]2CN(C3CCN(C)CC3)CC[C@H]2CN2CCC[C@@H](Cc3ccc(F)cc3)C2)nc1C,12,train,train
Cc1cccc(Sc2ccccc2N2CCNCC2)c1C,3.3,train,train
Cc1c2ccc(N(C)c3ccnc(Nc4cccc(S(N)(=O)=O)c4)n3)cc2nn1C,16,train,test
CC(C)c1cc(Nc2ccc(Cl)cc2Cl)ncc1C(=O)NCC1CCOCC1,28,train,test
C[C@@H]1CN(Cc2ccc(-n3ccnc3C(=O)N3CCC(Nc4cccc(F)c4)CC3)cc2)C[C@H](C)N1,29,train,train
COc1cccc([C@H]2CN(c3nc(-c4ccncn4)cc(=O)n3C)CCO2)c1,26.6,train,train
COc1ccc([C@H]2CN(c3nc(-c4ccncn4)cc(=O)n3C)CCO2)cc1,6.9,train,train
Cn1c(N2CCO[C@@H](c3ccc(F)cc3)C2)nc(-c2ccncc2F)cc1=O,22.1,train,train
Cc1nc2ccc(N(C)c3ccnc(Nc4cccc(S(N)(=O)=O)c4)n3)cc2n1C,25,train,test
CCc1cc(-c2ccc(NS(=O)(=O)c3cc(C(F)(F)F)cc(C(F)(F)F)c3)cc2)ccn1,0.7,test,test
c1ccc(COc2ccc3c(c2)CCN(CC2CC2)CC3)cc1,1.5,test,train
Cc1cscc1-c1ccc(F)nc1,100,train,train
O=S(=O)(Nc1ccc2c(c1)CCN(Cc1cc[nH]n1)CC2)c1ccc(-c2ccccn2)s1,0.2,train,train
O=S(=O)(Cc1ccc2c(c1)CCNCC2)c1ccc(N2CCCCC2)nc1,1.1,train,train
Cc1cc2c(NC(=O)N[C@@H]3CC(C)(C)Oc4cc(OC(F)(F)F)ccc43)cccc2cn1,6,train,train
CN1C[C@@H]2CCCC[C@]2(c2ccc3ccccc3c2)C1,0.56,train,train
NCc1noc(-c2nn(Cc3ccccc3)c3ccccc23)n1,0.09,train,test
Cc1cc(C)cc(Cn2nc(-c3nc(CN)no3)c3ccccc32)c1,3.73,train,train
CN(C(=O)CNc1ccccc1)[C@H](CN1CC[C@H](O)C1)c1ccccc1,4.1,train,train
CN(C(=O)CNc1ccc(C#N)cc1)[C@H](CN1CC[C@H](O)C1)c1ccccc1,2.5,train,train
CC(=O)NC1CCN(Cc2ccc(CCN(C)C(=O)c3ccc(-c4ccc(F)cc4)cc3)cc2)CC1,15,train,test
C=CCN1CC[C@]23c4c5ccc(O)c4O[C@H]2C(=O)CC[C@@]3(O)[C@H]1C5,2,train,train
COCCc1ccc(OCC(O)CNC(C)(C)CSc2ccccc2C)cc1,0.28,test,train
c1ccc2c(c1)CN[C@@H](CN(Cc1ccc(CNC3CCOCC3)cc1)[C@H]1CCCc3cccnc31)C2,0.507,train,train
c1ccc(CNCc2ccc(CN(C[C@H]3Cc4ccccc4CN3)[C@H]3CCCc4cccnc43)cc2)nc1,0.377,train,train
FC1(F)CCC(NC/C=C/CN(C[C@H]2Cc3ccccc3CN2)[C@H]2CCCc3cccnc32)CC1,1.45,train,train
COC(=O)NCc1ccc2c(c1)CC[C@H](C(=O)N(C)[C@H](CN1CC[C@H](O)C1)c1ccccc1)O2,4.2,train,train
CNCC[C@@H](Oc1cc(Cl)ccc1C#N)c1ccccc1,1,train,train
COc1ccc(/C=C/C=C/C(=O)c2ccc[nH]2)cc1,18,train,train
COc1ccc(/C=C/C(=O)c2ccc[nH]2)cc1,16,test,train
O=C(c1ccc(C2=CC3(CCNCC3)Oc3ccccc32)cc1)N1CCOCC1,7.6,train,test
CCN(CC)C(=O)c1ccc(C2=CC3(CCNCC3)Oc3ccccc32)c(F)c1,7.5,train,train
O=C1O[C@@H](Cn2ccnn2)CN1c1ccc(-c2cccnc2)c(F)c1,6.6,train,test
Cc1cccc(C)c1CNc1nc(N2CCCC2=O)cc2c(C)c(C)[nH]c12,1.9,train,train
Cc1c(OCC(F)(F)F)ccnc1C[S+]([O-])c1nc2ccccc2[nH]1,4.1074,train,train
COc1ccc(Cn2c(C3CNCCS3)nc3ccccc32)cc1,7,train,train
NCCC(=O)Nc1cccc2c1cnn2S(=O)(=O)c1cccc2ccccc12,100,train,train
O=C(Nc1ccc2cnn(S(=O)(=O)c3cccc4ccccc34)c2c1)C1CCNCC1,100,test,train
CC(c1nccs1)c1c(CCN(C)C)sc2ccccc12,100,train,train
COc1ncccc1[C@@H](C)c1c(CCN(C)C)sc2ccccc12,9.6,train,train
OC(CCN1CCCCC1)(c1ccccc1)C1CCCCC1,2.4498,train,test
Cc1c(COc2cccc(OCC3CCOCC3)c2)[nH]c2ccc(-c3cccnc3)cc2c1=O,1.9,train,train
Clc1cccc(OC(c2ccccn2)[C@H]2CCNC2)c1Cl,5.3,train,train
C[C@H](C1=C(CCN(C)C)Cc2ccccc21)c1ccccn1,32.5,train,train
C[C@@H](c1ccccn1)c1c(CCN(C)C)oc2ccccc12,3.3,train,test
COc1ccc2c(-n3c(=O)n(Cc4cccc([C@@]5(C)OC(=O)NC5=O)c4)c4ccccc43)noc2c1,91,train,train
CC(C)c1ccccc1C(=O)N(CC1CCC1)[C@H]1CCNC1,3.17,test,train
CCCNCC(O)COc1ccccc1C(=O)CCc1ccccc1,4.6034,train,train
C[C@H](CC(=O)N1CCC[C@@H](Cc2ccc(F)cc2)C1)NC(=O)Nc1cccc(-c2nnnn2C)c1,4.4,train,train
CC(=O)c1cc(NC(=O)NCCCN2CCC[C@@H](Cc3ccc(F)cc3)C2)cc(C(C)=O)c1,2.2,test,train
COCC(=O)N1CC[C@@H](CN2CCC[C@@H](Cc3ccc(F)cc3)C2)[C@H](NC(=O)Nc2nc(C)c(C(C)=O)s2)C1,1.2,train,test
CC(=O)c1sc(NC(=O)N[C@@H]2CN(C(=O)C3CC3)CC[C@H]2CN2CCC[C@@H](Cc3ccc(F)cc3)C2)nc1C,0.08,train,train
CC(C)C(=O)N(Cc1ccc(Cl)cc1Cl)[C@H]1CCNC1,21.8,test,train
CS(=O)(=O)c1ccc2c(c1)nc1n2C[C@H](N)[C@@H](c2cc(F)c(F)cc2F)C1,1.5,train,train
N[C@H]1Cn2c(nc3ncccc32)C[C@@H]1c1cc(F)c(F)cc1F,5.2,train,train
N[C@H]1Cn2c(nc3cnc(F)cc32)C[C@@H]1c1cc(F)c(F)cc1F,12,test,train
N#Cc1ccc(OC[C@@H]2CCCN2C(=O)C[C@H](N)Cc2cc(F)c(F)cc2F)nc1,1.8,test,test
CC(C)(C)C(=O)N1CC[C@H](N(Cc2ccccc2C(F)(F)F)c2ccc(C#N)c(Cl)c2)C1,16,test,train
CC(C)CS(=O)(=O)N1CC[C@H](N(Cc2ccccc2C(F)(F)F)c2ccc(C#N)c(Cl)c2)C1,13,test,train
Cc1ccccc1CN(c1ccc(C#N)c(Cl)c1)[C@H]1CCN(S(C)(=O)=O)C1,22,test,train
CCC(=O)N1CC[C@H](N(Cc2ccccc2C)c2ccc(C#N)c(Cl)c2)C1,20,test,train
CC(C)(Cc1c[nH]c2ccc(O)cc12)NCC(O)COc1ccccc1C#N,0.08,train,train
CC(C)N1CCN(C(=O)N2CCC(C(C)(C)C)CC2)CC1,7,test,test
CC(C)c1nc2ccc(Oc3ccc(F)cc3)cc2c(=O)n1C[C@H]1CCCN(C(C)C)C1,7.2,test,train
CCCC1(C(=O)c2ccc3[nH]ccc3c2)CCCN1,0.3,test,test
CCC[C@@]1(C(=O)c2ccc(Cl)c(Cl)c2)CCCN1,12,train,train
CNCC[C@@H](c1ccc(Cl)c(Cl)c1)n1nnc(C)n1,6.9,train,test
Fc1ccc(Cn2c(C3CCCN(Cc4ncco4)C3)nc3ccccc32)cc1,25.7,train,train
CCOCC1(C(=O)c2cc(F)c3[nH]ccc3c2)CCNC1,4.1,test,train
CC(C)(C)CCC1(C(=O)c2cnc(N)c(Cl)c2)CCNC1,36,train,train
CC(C)Cn1c(=O)n(C2CCN(C(=O)C3CCN(Cc4ccncc4)CC3)CC2)c2ccccc21,1.9,test,test
COc1cc(N)c(Cl)cc1C(=O)NC1CCN(CCCOc2ccc(F)cc2)CC1OC,0.07,train,train
Cc1ccc2c(c1)CC(CCN(C)C)=C2[C@@H](C)c1nccs1,1.4,train,test
CC(Oc1ccc2nc(N)n(CC(O)c3ccc(C(F)(F)F)cc3Cl)c2n1)C(F)(F)F,28.3,test,train
CN(C(=O)CNc1ccccc1C#N)[C@H](CN1CC[C@H](O)C1)c1ccccc1,0.51,train,test
c1ccc(CCC2CNCCN2c2ccc3[nH]ncc3c2)cc1,0.06,train,train
c1ccc(C2CNCCN2c2ccc3[nH]ncc3c2)cc1,0.3,train,test
c1cc2[nH]ncc2cc1N1CCNC[C@H]1CC1CCOCC1,4.7,train,train
COc1cc(C2=NC(c3ccc(Cl)cc3F)C(C(=O)Nc3ccc4[nH]ncc4c3)=C(C)N2)ccn1,3.7,test,train
COc1cc(C2=NC(c3ccc(Cl)cc3F)C(C(=O)Nc3cc4cn[nH]c4cc3F)=C(C)N2)ccn1,2.1,test,train
COc1ccccc1[C@H]1CN(c2nc(-c3ccncn3)cc(=O)n2C)CCO1,16,train,train
CC(C)NCC(O)COc1ccc(CCOCC2CC2)cc1,66,train,test
CC(C)(Cc1c[nH]c2ccccc12)NCC(O)COc1ccc(F)cc1C#N,0.05,train,train
CC(=O)N1CCN(c2ccc(OCC3COC(Cn4ccnc4)(c4ccc(Cl)cc4Cl)O3)cc2)CC1,16.3,train,train
Cc1cccc(C)c1CNc1cc(-c2ccco2)cn2c(C)c(C)nc12,2.2,train,train
Cc1cccc(C)c1CNc1cc(-n2ccccc2=O)cn2c(C)c(C)nc12,97,test,train
CCc1cccc(C)c1CNc1cccn2c(C)c(C)nc12,1.1,train,train
COC(=O)Nc1ccc2c(c1)CCC(C(=O)N(C)[C@H](CN1CC[C@H](O)C1)c1ccccc1)O2,7.4,train,train
CC(=O)Nc1ccc2c(c1)CCC(C(=O)N(C)[C@H](CN1CC[C@H](O)C1)c1ccccc1)O2,2.9,train,train
CC(C)(Cc1c[nH]c2ccccc12)NCC(O)COc1cccc2ccccc12,0.03,train,train
C[C@@H](O)CNCC(=O)N1CCc2cccc(F)c2C1c1ccccc1,1.3,train,train
CS(=O)(=O)N1CC[C@H](N(Cc2ccccc2)c2ccc(C#N)c(Cl)c2)C1,14,test,train
COC(=O)N1CC[C@H](N(Cc2cccc(F)c2F)c2ccc(C#N)c(Cl)c2)C1,6.7,test,test
O=C(NCC1CCOCC1)c1cnc(Nc2cccc(Br)c2)cc1C1CC1,16,test,test
Cc1csc(NC(=O)NC2(C)CN(C)C(=O)OC2CN2CCC[C@@H](Cc3ccc(F)cc3)C2)n1,2.1,train,test
Oc1cccc(-c2ccc3c(-c4cccnc4)c(O)ccc3c2)c1,22.9,test,test
CC(C)(Cc1c[nH]c2ccccc12)NCC(O)COc1ccccc1,0.03,train,train
O=C(NC1CCCCC1)c1nc(CS(=O)(=O)c2ccccc2)no1,20,train,train
c1cc(-c2noc(C3CCCCC3)n2)ccn1,10,train,train
Cc1coc([C@H]2C[C@H]3CSC(N)=N[C@@]3(c3ccc(F)cc3F)CO2)n1,5.5,train,train
Cc1cc([C@H]2C[C@H]3[C@@H](C)SC(N)=N[C@@]3(c3ccc(F)cc3F)CO2)on1,14.2,train,test
Cc1cc([C@H]2C[C@H]3[C@@H](CF)SC(N)=N[C@@]3(c3ccc(F)cc3F)CO2)on1,30,train,train
NC1=N[C@@]2(c3ccc(F)cc3F)CO[C@@H](C3CC3)C[C@H]2CS1,1.4,train,train
CC(C)(Cc1csc2ccccc12)NCC(O)COc1ccccc1C#N,0.05,test,train
CN1C[C@H]2CCCC[C@@]2(c2ccc3ccccc3c2)C1,13.6,train,test
CC(C)(C)NC(=O)NCCN1CCC(NC(=O)c2cc(Cl)cc(Cl)c2)C1,2.6,train,train
CC(C)(C)NC(=O)NCCN1CCC(CNC(=O)c2cc(Cl)cc(Cl)c2)C1,1,train,train
CC(C)(C)NC(=O)NCCN1CCCC(CNC(=O)c2cc(Cl)cc(Cl)c2)C1,1.6,test,train
CC(C)(C)NC(=O)NCCN1CCC(CNC(=O)c2cc(Cl)cc(Cl)c2)CC1,3.4,train,train
CC(C)(C)NC(=O)NCCN1CCN(CC(=O)Nc2cc(Cl)cc(Cl)c2)CC1,8,train,train
Cn1c(=O)c2c(cc(N3CCC[C@@H](N)C3)n2Cc2cc(F)ccc2C#N)n(C)c1=O,7.5,test,train
CC[C@@H](Oc1cccc(Cn2c(C)c(C(=O)c3ccc(Cl)cc3)c3ccc(OC(F)(F)F)cc32)c1)C(=O)O,7,train,train
Cc1ccc(C2(C(=O)N(C)Cc3cccs3)CC2)cc1,72,train,train
COc1cc([C@H]2c3cc(O)c(OC)cc3C[C@H]3C(=O)OC[C@H]23)ccc1O,17.7,train,train
Clc1ccccc1CC(c1ccccc1)N1CCNCC1,0.55,train,train
N=C(Nc1ccc2c(c1)CCN2C1CCNCC1)c1cccs1,0.75,train,train
CN1CCC2(CC1)C(=O)Nc1cc(/C=C3\c4ccccc4COc4cc(F)ccc43)ccc12,7.624,test,train
C[C@H](C1=C(CCN(C)C)Cc2cc(F)ccc21)c1nccs1,1,train,train
O=C(O)c1ccccc1Oc1ccc(Cl)cc1NS(=O)(=O)c1ccc(Cl)c(Cl)c1,53.70318,test,train
CC[C@@H](CO)NC(=O)[C@@H]1C=C2c3cccc4[nH]cc(c34)C[C@H]2N(C)C1,0.2,test,train
CN(C)C(=O)C(CCN1CCC(O)(c2ccc(Cl)cc2)CC1)(c1ccccc1)c1ccccc1,2,test,train
Cc1c(COc2cc(OCCC(C)(C)O)ccn2)[nH]c2ccccc2c1=O,14,train,train
O=C(OCc1ccccc1)N1CCC(CNc2cccnc2)CC1,1.7,train,train
O=S(=O)(Nc1ccc(-c2nnco2)cc1)c1cc(Cl)cc(Cl)c1,15.1,train,train
COc1ccc(CCN(C)CCCC(C#N)(c2ccc(OC)c(OC)c2)C(C)C)cc1OC,43.3,test,train
CN1C[C@H]2CCC[C@@]2(c2ccc(Cl)c(Cl)c2)C1,5.21,train,train
Clc1ccc([C@@]23CCC[C@@H]2CNC3)cc1Cl,6.96,train,train
C[C@H]([C@@H](c1ccc(Nc2nc3ccccc3s2)cc1)n1ccnc1)N(C)C,3.9,train,train
FC(F)(F)c1ccccc1OC1CCN(c2ccc(-n3ccnc3)nn2)CC1,0.3,train,train
C=CCn1c(C)c(C)c2cc(-n3ccccc3=O)nc(NCc3c(C)cccc3C)c21,26,test,train
Cc1cc(OCC(O)CNC(C)(C)Cc2cc3ccccc3[nH]2)ccc1S(C)(=O)=O,0.04,train,train
CC(=O)Nc1ccc(OCC(O)CNC(C)C)c2ccccc12,100,test,train
NC1CN(c2cc(-c3ccsc3)ncn2)CC1c1cc(F)c(F)cc1F,0.098,train,train
CC(=O)N1CCC(C(=O)N2C[C@H](c3noc(C(C)(C)c4cc(C(F)(F)F)cc(C(F)(F)F)c4)n3)[C@@H](c3ccc(F)cc3C)C2)CC1,63,train,train
CC(=O)CN1CC[C@@H](CN2CCC[C@@H](Cc3ccc(F)cc3)C2)[C@H](NC(=O)Nc2nc(C)c(C(C)=O)s2)C1,3.9,train,train
CC(=O)c1sc(NC(=O)N[C@@H]2COCC[C@H]2CN2CCC[C@@H](Cc3ccc(F)cc3)C2)nc1C,0.44,train,train
CN(c1ccc2cn(C)nc2c1)c1ccnc(Nc2cccc(S(N)(=O)=O)c2)n1,18,train,train
Cc1c2ccc(N(C)c3ccnc(Nc4cccc(S(N)(=O)=O)c4)n3)cc2nn1Cc1ccccc1,66,train,train
CNCC1(O)Cc2ccccc2C1Sc1ccccc1C,0.4,test,train
CCCCC1(C(=O)c2cc(F)c3[nH]ccc3c2)CCNC1,0.75,test,train
Cc1nccnc1CC1=C(CCN(C)C)Cc2ccccc21,22,train,train
CC(C)(C)Sc1c(CC(C)(C)C(=O)O)n(Cc2ccc(-c3nccs3)cc2)c2ccc(OCc3ccccn3)cc12,0.004,train,test
O=C(OCc1ccccc1)N1CCC(CNc2ccncc2)CC1,15,train,train
COc1ccc2c(CC(C)(C)NCC(O)COc3ccccc3C#N)c[nH]c2c1,0.42,train,train
CN(C(=O)C1CCc2cc(S(N)(=O)=O)ccc2O1)[C@H](CN1CC[C@H](O)C1)c1ccccc1,1.8,train,train
COC(=O)NCc1ccc2c(c1)CC[C@@H](C(=O)N(C)[C@H](CN1CC[C@H](O)C1)c1ccccc1)O2,14,train,test
CC(=O)Nc1ccc2c(c1)CC(C(=O)N(C)[C@H](CN1CC[C@H](O)C1)c1ccccc1)O2,0.77,train,test
Cc1cccc(C)c1CNc1nc(-c2ccccc2)cc2c(C)c(C)[nH]c12,0.6,train,train
CC(C)NC[C@@H](O)COc1ccc(-c2ccccc2)c2ccccc12,21,train,train
CC(C)N1CCC(Oc2ccc3c(c2)cc2n3CCN(Cc3ccc(F)cc3)C2=O)CC1,35,train,test
c1ccc(OCCn2c(C3CCCN(Cc4ncco4)C3)nc3ccccc32)cc1,18.1,train,test
Fc1ccc(Cn2c([C@H]3CNCCS3)nc3ccccc32)cc1,15,train,train
CN(CC(O)(CNC(=O)c1cnn(-c2ccc(F)cc2)c1N)C(F)(F)F)C(=O)c1c(F)cccc1F,36,train,train
Nc1c(C(=O)NCC(O)(CN(CCF)C(=O)c2c(F)cccc2F)C(F)(F)F)cnn1-c1ccc(F)cc1,20,train,test
CCCCN1CCCCC1C(=O)Nc1c(C)cccc1C,0.4,train,train
O=C(NO)c1cnc(N2C[C@@H]3[C@H](C2)[C@H]3NCc2ccc(Cl)cc2)nc1,10,train,test
Cc1ccc2c(N3CCN(CCc4cccc(N5CCNC5=O)c4)CC3)cccc2n1,86,train,test
CCc1nc(N)nc(N)c1-c1ccc2c(c1)N(CCCO)C(=O)C(C)(c1cc(F)cc(F)c1)O2,30,train,train
O=C(Nc1cnc(-c2ccncc2)c(-c2ccncc2)n1)C1CC1,5,train,train
Cc1cc(-c2ccccc2[C@@H](C)OC[C@H](O)CNC(C)(C)Cc2ccc(Cl)c(F)c2)ccc1C(=O)O,11,train,train
C[C@H](C1=C(CCN(C)Cc2cnccn2)Cc2ccccc21)c1cnccn1,10,train,train
CN[C@@H]1CCc2ccccc2[C@@H]1c1ccc(Cl)c(Cl)c1,0.033,train,test
O=C(Nc1cccnn1)N1CCC(=Cc2cccc(Oc3ccc(C(F)(F)F)cn3)c2)CC1,14.5,train,test
CN(C[C@@H]1CCCN1C(=O)C[C@H](N)Cc1cc(F)c(F)cc1F)C(=O)C(C)(C)C,6.3,train,test
CC(C)(F)C(=O)NC[C@@H]1CCCN1C(=O)C[C@H](N)Cc1cc(F)c(F)cc1F,19.6,train,train
N#Cc1ccc(NC[C@@H]2CCCN2C(=O)C[C@H](N)Cc2cc(F)c(F)cc2F)nc1,4.6,test,train
O=C(NCC1CCOCC1)c1cnc(Nc2cc(F)cc(F)c2)nc1C(F)(F)F,45,train,train
N[C@H]1Cn2c(nc3cnc(C(F)(F)F)cc32)C[C@@H]1c1cc(F)c(F)cc1F,11,test,train
CC1=C(C(=O)Nc2ccc3[nH]ncc3c2)C(c2ccc(F)cc2)N=C(c2ccccc2)N1,0.09,train,train
CCS(=O)(=O)N(Cc1ccccc1-c1ccccc1)[C@H]1CCNC1,1.89,train,train
CCOC(=O)N(Cc1ccccc1-c1ccccc1)[C@@H]1CCNC1,0.35,train,test
Clc1cccc(CN(C2CCOCC2)[C@H]2CCNC2)c1Cl,4.8,train,train
O=C(N[C@@H]1C[C@H]2CC[C@@H](C1)N2Cc1ccc2cc(F)ccc2c1)c1cccnc1C(=O)N1CCCCC1,18.3,train,train
CCCSc1nc2cc(OC)ccc2[nH]1,1.94,train,test
CCCCCSc1nc2cc(OC)ccc2[nH]1,19.4,train,train
CCCCCCCSc1nc2cc(OC)ccc2[nH]1,5.33,train,train
CC(=O)c1sc(NC(=O)N[C@@H]2CN(C)CC[C@H]2CN2CCC[C@@H](Cc3ccc(F)cc3)C2)nc1C,7.4,train,train
CN1CCCC(n2nc(Cc3ccc(Cl)cc3)c3ccccc3c2=O)CC1,1,train,train
O=C(O)c1ccc(NC(=O)[C@H](C2CCCCC2)n2c(-c3ccc(Cl)cc3)nc3ccccc32)c(C(F)(F)F)c1,36,train,train
CC(C)N1CCC(Oc2ccc3c(c2)cc2n3[C@H](C)CNC2=O)CC1,22,train,train
C[C@H](C1=C(CCN(C)CCC(F)(F)F)Cc2ccccc21)c1cnccn1,7.224,train,train
C[C@H](C1=C(CCN(C)Cc2nccn2C)Cc2ccccc21)c1cnccn1,5.684,test,train
CCCCN(C)C(=O)c1ccc(-n2nc(C(F)(F)F)c3c2CCCC3)cc1,8,train,train
CS(=O)(=O)c1ccc2c(c1)CCC1(CCN(C(=O)Cc3ccc(Cl)cc3Cl)CC1)O2,10,train,train
N[C@@H](CC(=O)N1CCC[C@H]1CNS(=O)(=O)C(F)(F)F)Cc1cc(F)c(F)cc1F,12.4,train,test
N[C@@H](CC(=O)N1CCC[C@H]1CNc1nccc(C(F)(F)F)n1)Cc1cc(F)c(F)cc1F,0.4,train,train
Fc1ccc(Cn2c(N3CCC(n4cccc4)CC3)nc3ccccc32)cc1,1.534,train,train
COc1ccccc1N1CCN(C(=O)c2cc(-c3ccc(Cl)cc3)n[nH]2)CC1,3,test,train
CCNC(=O)c1ccc(C2=CC3(CCNCC3)Oc3ccccc32)cc1,0.089,train,test
CNC(=O)c1ccc(C2=CC3(CCNCC3)Oc3ccccc32)cc1,1.2,train,test
O=C(c1ccc(C2=CC3(CCNCC3)Oc3ccccc32)cc1)N1CCCCC1,4.4,test,test
C1=C(CS/C(=N\C2CCCCC2)NC2CCCCC2)N2CCN=C2S1,6.78,train,train
Cc1ccc2c(OCCN3CCN(Cc4ccc5c(c4)N(Cc4ccccc4)C(=O)CO5)CC3)cccc2n1,15,train,train
CN1C[C@@H]2CCCC[C@]2(c2ccc(Cl)c(Cl)c2)C1,8,train,train
CC(=O)c1sc(NC(=O)NC2(C)CN(C)C(=O)OC2CN2CCC[C@@H](Cc3ccc(F)cc3)C2)nc1C,21,train,test
Cc1cc(-c2ccc(NS(=O)(=O)c3cc(C(F)(F)F)cc(C(F)(F)F)c3)cc2)ccn1,2,test,train
O=S(=O)(Nc1ccc(-c2cncnc2)cc1)c1cc(Cl)cc(Cl)c1,7.2,test,train
Cc1ccccc1[C@H]1C[C@@H](NCc2ccc(Cl)cc2)CC[C@@H]1C(=O)N1CC(c2ccccc2)(c2ccccc2)C1,20,train,train
CN(C(=O)N1CC[C@H](n2cnc3cc(-c4ccc(Cl)cc4)sc3c2=O)C1)[C@H]1CCN(CCCc2ccccc2)C1,8.6,train,train
CNCC[C@H](Oc1cccc2ccccc12)c1cccs1,1.49763,train,train
CNC[C@H]1Cc2ccccc2[C@H](c2ccc(Cl)c(Cl)c2)C1,0.041,train,train
CN1CC(Cl)=C(c2cn(S(=O)(=O)c3ccccc3)c3ccccc23)C1,21.1,train,train
FC(F)(F)c1ccccc1CN(C1CCOCC1)[C@H]1CCNC1,30,train,train
O=C(NCC1CCOCC1)c1cnc(Nc2cc(Cl)ccc2Cl)cc1C1CC1,42,test,test
O=C(O)c1ccc(NC(=O)[C@H](C2CCCCC2)n2c(-c3ccc(Cl)cc3)nc3cc(F)c(F)cc32)c(Cl)c1,50,train,train
CNCCC=C1c2ccccc2CCc2ccccc21,1,test,train
CNS(=O)(=O)c1ccc2c(c1)CC(C(=O)N(C)[C@H](CN1CC[C@H](O)C1)c1ccccc1)O2,0.011,train,train
CCN(CC)C(=O)N[C@H]1C=C2c3cccc4[nH]cc(c34)C[C@H]2N(C)C1,0.016,test,train
O=C(O)c1ccc(NC(=O)[C@H](C2CCCCC2)n2c(-c3ccc(Cl)cc3)nc3cc(F)c(F)cc32)cc1,50,train,train
CCC[C@@H]1CNCCN1c1ccc2[nH]ncc2c1,1.9,train,train
c1cc2[nH]ncc2cc1N1CCNC[C@@H]1CC1CCOCC1,9.1,train,train
CS(=O)(=O)c1ccc(-n2nc(C(F)(F)F)c3c2CCCC3)cc1,6,train,train
O=C(c1ccccc1C(F)(F)F)N(CC1CCC1)[C@H]1CCNC1,15.1,test,test
CN(C[C@@H]1CCCN1C(=O)C[C@H](N)Cc1cc(F)c(F)cc1F)C(=O)C(C)(F)F,0.1,train,train
N[C@@H](CC(=O)N1CCC[C@H]1CNC(=O)C1(C(F)(F)F)CC1)Cc1cc(F)c(F)cc1F,3.6,train,test
N[C@@H](CC(=O)N1CCC[C@H]1COCC1CC1)Cc1cc(F)c(F)cc1F,1.7,train,train
N[C@@H](CC(=O)N1CCC[C@H]1CNc1ccc(F)cn1)Cc1cc(F)c(F)cc1F,0.8,test,train
CC(C)CNC(=O)c1ccc(C2=CC3(CCNCC3)Oc3ccccc32)cc1,0.67,train,test
CCN(CC)C(=O)c1ccc(C2=CC3(CCNCC3)Oc3ccccc32)cc1,4.3,train,train
CS(=O)(=O)N1CC[C@H](N(Cc2ccccc2F)c2ccc(C#N)c(Cl)c2)C1,18,test,test
COC(=O)N1CC[C@H](N(Cc2cc(F)ccc2C)c2ccc(C#N)c(Cl)c2)C1,28,test,test
CCc1ccc(C(=O)C(C)CN2CCCCC2)cc1,4.9034,train,train
CCN1C[C@H]2C[C@@H](N(Cc3ccc(F)c(C(F)(F)F)c3)C(=O)c3cn(C)cn3)C[C@H]2C1,1.8,test,train
CC(F)CN1C[C@H]2C[C@@H](N(Cc3cccc(OC(F)(F)F)c3)C(=O)c3cn(C)cn3)C[C@H]2C1,1.3,test,train
Cc1cccc(C)c1CNc1nc(-c2cccc(=O)[nH]2)cc2c(C)c(C)[nH]c12,60,test,train
O=C(O)/C=C/c1ccc(NC(=O)C2(NC(=O)c3ccc4c(c3)nc(-c3ccccn3)n4C3CCCCC3)CCCC2)cc1,30,train,train
O=C(O)/C=C/c1ccc(Cn2ccnc2)cc1OCCc1ccc2ccccc2c1,4.4,train,train
NC(=O)c1ccc(C2=CC3(CCNCC3)Oc3ccccc32)cc1,0.44,train,train
O=C(c1ccc(C2=CC3(CCNCC3)Oc3ccccc32)cc1)N1Cc2ccccc2C1,1.8,train,train
CCN(CC)C(=O)c1ccc(C2=CC3(CCNCC3)Oc3ccccc32)c(C)c1,4.6,train,train
Cn1c(=O)cc(Nc2cc(C(=O)NC3CC3)ccc2Cl)c2cnn(-c3ccc(F)cc3F)c21,22.7,train,train
CCNCC1(O)Cc2ccccc2C1Oc1ccccc1C,1.3,train,train
CNC[C@]1(O)Cc2ccccc2[C@@H]1Oc1cccc(C)c1C,4,train,train
CNC[C@]1(O)Cc2ccccc2[C@@H]1Oc1c(C)cccc1F,1,train,train
CC1(c2ccccc2)CCCN(C(=O)NCCc2ccc3nccnc3c2)C1,10,train,test
C[C@H]1C[C@H](C(=O)O)CC[C@H]1NN1CC[C@@]2(S(=O)(=O)c3ccc(F)cc3)c3ccc(C(F)(C(F)(F)F)C(F)(F)F)cc3CC[C@@H]12,20,test,train
N#Cc1ccc(Cl)cc1S[C@H](CCN)c1ccccc1,4.1,train,train
Cc1ccc2c(OCCN3CCN(Cc4ccc5c(c4)N(CCc4ccccc4)C(=O)CO5)CC3)cccc2n1,14,train,train
CNCC1(O)Cc2ccccc2C1Oc1ccccc1C,2.3,train,train
O=C(c1ccccc1C1CCCC1)N(CC1CCC1)[C@H]1CCNC1,0.43,train,test
NC1=N[C@@]2(c3ccc(F)cc3F)CO[C@@H](c3ncco3)C[C@H]2CS1,0.33,train,train
CCN(CC)C(=O)c1ccc([C@H]2CC3(CCNCC3)Oc3ccccc32)cc1,7.1,train,train
c1ncc(-c2ccc(OCCCN3CCC(Cc4c[nH]cn4)CC3)cc2)cn1,4,train,train
c1nc(CC2CCN(CCCOc3ccc(OC4CCCCC4)cc3)CC2)c[nH]1,0.3,test,test
c1nc(CC2CCN(CCOc3ccc(CN4CCCCC4)cc3)CC2)c[nH]1,3,train,train
CCC(CCNC)Oc1cc(Cl)ccc1C#N,0.4,train,test
Cc1ccc(C#N)c(S[C@H](CCN)c2ccccc2)n1,5,train,train
Cc1nnc(C)n1-c1ccc(O[C@H]2c3cc(Cl)ccc3C[C@@H]2N2CCCC2)c(Cl)c1,2.5,train,test
c1cnc2c(c1)CCC[C@@H]2N(CCCN1CCNCC1)Cc1cc2ccccc2cn1,2.96,test,train
N#Cc1ccccc1C(=O)N1CCC(c2ccc(C(=O)NC(=N)N)cc2C(F)(F)F)CC1,10,test,train
CNC1CCN(c2ccc(Cl)c(Cl)c2)c2ccccc21,3,train,train
CN[C@@H]1Cc2ccccc2[C@@H](c2ccc(Cl)c(Cl)c2)C1,1.16,test,train
NCC[C@H]1Cc2ccccc2[C@@H](c2ccc(Cl)c(Cl)c2)C1,13.8,test,train
Clc1cc(Cl)c(Cl)c(O[C@H](c2ccccc2)[C@@H]2CCNC2)c1,1.99526,train,train
Cc1cccc(C)c1CNc1cc(-n2cccn2)cn2c(C)c(C)nc12,11,train,test
C[C@@H](c1cccnc1)c1c(CCN(C)C)sc2ccccc12,0.002,train,train
c1ccc2c(c1)CC(CCN1CCC1)=C2Cc1cnccn1,8.845,train,train
O=C(C=C1CCN(C(=O)c2ccccc2O)CC1)N[C@@H]1CCN(Cc2ccc3cc(F)ccc3c2)C1,29,train,train
COc1ccc2c(OCC(O)CNC(C)C)cccc2c1,8.4,test,train
COCCC1CNCCN1c1ccc2[nH]ncc2c1,0.22,train,train
Cc1cc(OCC(=O)Nc2cc(-n3nc(C)cc3C)nc(-c3ccc(C)o3)n2)cc(C)n1,0.05,test,train
CC(C)(C)OC(=O)NCc1noc(-c2nn(Cc3ccc4c(c3)OCO4)c3ccccc23)n1,3.3,test,train
O=C(N[C@@H]1C[C@H]2CC[C@@H](C1)N2Cc1ccc2cc(F)ccc2c1)c1ccccc1-c1ccccn1,4,train,train
O=C(N[C@@H]1C[C@H]2CC[C@@H](C1)N2Cc1ccc2cc(F)ccc2c1)c1ccccc1C(=O)N1CCCCCC1,3,train,test
Cn1cnc(C(=O)N(Cc2cccc(OC(F)(F)F)c2)[C@@H]2C[C@@H]3CN(CC(C)(C)O)C[C@@H]3C2)c1,1.1,test,train
O=C(Nc1ccc(Cl)cc1)N1CCCC(CCC2=NNNN2)(c2ccccc2)C1,10,train,train
NC(=O)Nc1cccc(O[C@H]2c3ccccc3C[C@@H]2N2CCC[C@@H](N)C2)c1,8.6,train,train
CC(C)(Cc1ccc2ccccc2c1)NC[C@@H](O)COc1cccc(Cl)c1C#N,4.50E-05,test,test
CC(C)c1nc(CN(C)C(=O)N[C@@H](CO)C(=O)N[C@@H](CC[C@@H](Cc2ccccc2)NC(=O)OCc2cncs2)Cc2ccccc2)cs1,1.3,train,test
CNCc1cc(=O)oc2cc(OCc3cccc(Cl)c3)ccc12,5,train,train
CCOC(=O)N1CC[C@H](N(Cc2cc(F)ccc2C)c2ccc(C#N)c(Cl)c2)C1,22,test,train
Cc1cccc(C)c1COc1cccn2c(C)c(C)nc12,2.3,train,train
Cc1cccc(C)c1CNc1ncnc2c(C)c(C)[nH]c12,0.3,train,train
CCc1cccc(C)c1CNc1cc(C(N)=O)cn2c(C)c(C)nc12,9.2,train,train
Cc1c(C)n(C[C@H]2C[C@@H]2C)c2c(OCc3ccc(F)cc3)nncc12,4.4,train,train
O=C(Cn1c(=O)sc2ccc(Cl)cc21)N1CCCC(c2ccccc2)C1CN1CCCC1,1.7,train,train
Cc1cc2ncc(=O)n(CC(=O)N3CCCC(c4ccccc4)C3CN3CCOCC3)c2cc1C,6.7,train,test
COCCN(CC(=O)N1CCCC(c2ccccc2)C1CN1CCCC1)c1ccc(Cl)c(Cl)c1,0.82,train,train
CS(=O)(=O)N1CC[C@H](N(Cc2ccccc2C(F)(F)F)c2ccc(C#N)c(Cl)c2)C1,15,test,train
CN1C[C@@H](NC(=O)Nc2cccc(-c3nnnn3C)c2)[C@H](CN2CCC[C@@H](Cc3ccc(F)cc3)C2)OC1=O,4.3,train,train
CN(C(=O)N1CC[C@H](n2cnc3cc(-c4ccc(Cl)cc4)sc3c2=O)C1)[C@H]1CCN(C2CCOCC2)C1,22.5,train,train
Clc1cccc(CN(Cc2ccccn2)[C@@H]2CCNC2)c1Cl,0.5,train,train
CN(C(=O)CC(=O)Nc1nccs1)[C@H](CN1CC[C@H](O)C1)c1ccccc1,0.7,train,train
CN(C(=O)CC(=O)Nc1ccc(CNS(C)(=O)=O)cc1)[C@H](CN1CC[C@H](O)C1)c1ccccc1,5.4,train,train
CCCCc1ccc(S(=O)(=O)Nc2ccc3c(c2)CCN(C)CC3)cc1,1.6,test,train
Cc1nc2ccccc2n1C1CCN(CCC(c2ccccc2)c2ccccc2)CC1,0.04,train,train
CC(C)(Cc1cc2ccccc2[nH]1)NCC(O)COc1ccccc1S(C)(=O)=O,0.11,train,train
CCN(CC(O)(CNC(=O)c1cnn(-c2ccc(F)cc2)c1N)C(F)(F)F)C(=O)c1c(F)cccc1F,74,train,train
COc1cccc(Cn2c(=O)n(C3CCN(C(=O)C4CCN(Cc5ccncc5)CC4)CC3)c3ccccc32)c1,5.6,test,train
O=C(C1CCN(Cc2ccncc2)CC1)N1CCC(n2c(=O)n(Cc3cccc(Cl)c3)c3ccccc32)CC1,4.2,test,train
CC(C)[C@H](C[C@@H](O)N1CCC[C@@H](Cc2ccc(F)cc2)C1)NC(=O)Nc1cccc(-c2nnnn2C)c1,0.3,train,train
C[C@H](C[C@@H](O)N1CCC[C@@H](Cc2ccc(F)cc2)C1)NC(=O)Nc1cc(-n2ccnn2)cc(-n2ccnn2)c1,0.9,train,train
CCC[C@H](CCN1CCC[C@@H](Cc2ccc(F)cc2)C1)NC(=O)Nc1cc(-c2nnnn2C)cc(C(C)(C)O)c1,1,train,train
O=C(NCCCN1CCC[C@@H](Cc2ccc(F)cc2)C1)Nc1cc(-n2cccn2)cc(-n2cccn2)c1,2.8,train,train
CCNc1cc(C(=O)N[C@@H](Cc2ccccc2)[C@H](O)CNCc2cccc(C(F)(F)F)c2)c(F)c(N2CCCC2=O)c1,11,train,train
Cn1cc(S(=O)(=O)N2CCC3=Cc4c(cnn4-c4ccc(F)cc4)C[C@]3(C(=O)c3cc(C(F)(F)F)ccn3)C2)cn1,9,train,test
Cc1cc2c(cc1C)N(CC(=O)N1CCCC(c3ccccc3)C1CN1CCCC1)C(=O)CO2,5.1,train,test
